Nombre,Tipo,Equipo_inicial,Puesto,Media,Potencial,Edad,Nacion,Altura,Dorsal,speed,acceleration,agility,strength,awareness,armStrength,shortAccuracy,mediumAccuracy,deepAccuracy,mobility,decisionMaking,throwUnderPressure,vision,carrying,contactBalance,routeRunning,catching,release,contestedCatch,passBlocking,runBlocking,technique,passRush,tackling,pursuit,manCoverage,zoneCoverage,reaction,press,range,kickPower,kickAccuracy,Foto
Patrick Mahomes,real,2,QB,91,91,31,Riada,188,15,65,76,76,75,99,99,99,93,84,76,93,87,68,70,67,73,66,75,75,70,69,77,75,72,71,78,75,74,71,67,71,69,assets/players/nfl/r_patrickmahomes.webp
Lamar Jackson,real,4,QB,90,90,29,Tamago,188,8,69,70,67,68,96,99,98,98,77,76,91,87,70,73,70,67,73,75,74,77,77,67,68,74,68,69,75,72,72,73,71,77,assets/players/nfl/r_lamarjackson.webp
Josh Allen,real,7,QB,89,89,30,Riada,196,17,67,76,74,76,89,97,99,97,79,74,97,75,67,77,66,70,66,76,67,76,66,75,70,75,73,75,67,67,65,66,69,66,assets/players/nfl/r_joshallen.webp
Joe Burrow,real,0,QB,90,90,29,Tamago,193,9,63,76,73,70,91,99,99,94,83,67,97,85,70,77,76,66,73,75,73,72,67,68,77,66,68,66,72,66,75,72,75,72,assets/players/nfl/r_joeburrow.webp
Christian McCaffrey,real,2,RB,90,90,30,Tamago,180,23,99,99,99,93,76,67,77,73,66,77,71,73,96,99,99,66,83,69,66,72,69,70,71,73,72,69,72,70,77,69,67,76,assets/players/nfl/r_christianmccaffrey.webp
Jared Goff,real,1,QB,88,88,31,Magayanes,193,16,65,71,74,70,88,95,98,95,85,64,89,83,72,71,65,76,72,70,73,72,66,72,64,73,68,69,73,76,66,68,65,74,assets/players/nfl/r_jaredgoff.webp
Nick Bosa,real,4,DL,88,88,28,Riada,193,97,74,68,65,99,76,73,74,71,73,68,71,75,74,74,67,69,68,65,68,66,70,64,94,90,80,70,72,70,69,65,65,73,assets/players/nfl/r_nickbosa.webp
Myles Garrett,real,-1,DL,89,89,30,Kaigam,193,95,64,75,69,98,66,70,69,70,69,74,67,71,70,67,68,68,76,72,68,73,76,75,96,93,84,66,72,65,67,72,67,71,assets/players/nfl/r_mylesgarrett.webp
Derrick Henry,real,0,RB,89,89,32,Margin,190,22,98,95,99,85,71,73,66,75,65,76,74,67,98,99,99,65,89,75,70,73,69,76,76,68,69,66,67,76,73,67,66,65,assets/players/nfl/r_derrickhenry.webp
Brock Purdy,real,6,QB,86,88,26,Tamago,185,13,61,67,68,74,91,92,92,88,79,71,97,79,73,64,70,73,67,74,69,73,73,67,63,66,73,65,70,70,63,69,66,63,assets/players/nfl/r_brockpurdy.webp
Jalen Hurts,real,3,QB,86,86,28,Peronia,185,1,60,67,74,65,88,99,99,90,72,62,97,73,73,74,73,70,66,66,67,65,65,67,70,63,67,64,70,63,74,63,74,72,assets/players/nfl/r_jalenhurts.webp
Trevor Lawrence,real,3,QB,83,85,26,Melonia,198,16,64,61,65,69,88,91,91,84,75,61,87,80,71,64,72,62,67,61,69,71,67,66,71,63,61,72,68,69,63,70,65,66,assets/players/nfl/r_trevorlawrence.webp
Baker Mayfield,real,5,QB,85,85,31,Tamago,185,6,64,73,73,62,88,99,94,85,81,66,90,73,70,68,65,63,62,64,73,73,74,64,62,65,65,66,64,70,69,70,64,67,assets/players/nfl/r_bakermayfield.webp
T.J. Watt,real,4,LB,87,87,31,Overmark,193,90,83,66,68,92,94,64,64,71,65,71,67,73,70,72,69,69,67,65,74,72,72,64,81,99,96,69,69,70,66,69,68,72,assets/players/nfl/r_tjwatt.webp
Jalen Ramsey,real,2,CB,88,88,31,Overmark,185,5,99,67,99,77,74,64,71,69,71,68,71,69,74,64,65,70,77,74,72,74,65,75,69,65,70,92,93,99,86,74,69,65,assets/players/nfl/r_jalenramsey.webp
Drake Maye,real,7,QB,84,89,24,Tamago,193,10,64,61,62,70,87,94,96,89,78,59,85,81,66,62,63,71,63,62,67,64,65,69,66,72,70,64,63,72,68,73,67,66,assets/players/nfl/r_drakemaye.webp
Dak Prescott,real,-1,QB,81,81,33,Melonia,188,4,60,68,59,62,88,89,94,81,70,67,84,73,62,64,62,59,63,59,63,61,69,61,60,62,68,66,69,70,66,70,65,68,assets/players/nfl/r_dakprescott.webp
Carson Wentz,real,-1,QB,81,81,33,Kaigam,196,11,55,60,59,64,79,91,96,84,70,65,88,68,62,60,61,70,62,64,67,68,62,64,69,59,63,64,63,64,59,62,70,67,assets/players/nfl/r_carsonwentz.webp
Saquon Barkley,real,4,RB,89,89,29,Peronia,183,26,96,99,97,89,68,74,70,67,75,74,67,68,95,99,99,70,86,69,66,74,65,72,65,75,76,67,76,67,69,72,70,73,assets/players/nfl/r_saquonbarkley.webp
Justin Jefferson,real,2,WR,92,92,27,Skote,185,18,99,99,99,72,70,75,77,72,68,71,73,79,70,73,72,99,99,99,96,68,72,71,75,78,78,68,75,77,76,75,70,76,assets/players/nfl/r_justinjefferson.webp
Tua Tagovailoa,real,4,QB,84,84,28,Skote,185,1,64,61,69,67,85,92,98,85,77,70,88,78,68,65,71,63,61,70,63,61,72,65,65,66,65,65,72,63,66,63,65,63,assets/players/nfl/r_tuatagovailoa.webp
Deshaun Watson,real,1,QB,84,84,31,Margin,190,4,54,65,72,71,90,94,87,91,79,65,90,76,64,62,64,66,69,68,68,71,71,61,63,70,65,68,70,63,71,66,73,61,assets/players/nfl/r_deshaunwatson.webp
Marcus Mariota,real,5,QB,82,82,32,Kaigam,193,8,59,60,70,70,86,89,91,85,74,61,87,77,65,70,71,63,64,60,61,61,65,69,68,64,61,62,67,64,59,60,63,66,assets/players/nfl/r_marcusmariota.webp
Cooper Kupp,real,4,WR,88,88,33,Melonia,188,10,99,99,96,72,69,71,70,66,70,73,66,69,72,74,74,99,98,99,82,69,74,73,71,75,66,66,73,75,65,66,71,72,assets/players/nfl/r_cooperkupp.webp
Sam Darnold,real,-1,QB,79,79,29,Iberia,190,14,57,58,68,67,85,84,88,86,73,55,83,69,67,69,68,66,64,59,66,57,59,69,62,63,66,66,66,66,64,68,62,59,assets/players/nfl/r_samdarnold.webp
Davante Adams,real,0,WR,88,88,33,Kaigam,185,17,99,98,99,66,65,74,65,67,74,68,75,68,72,66,67,99,99,95,80,70,65,76,67,65,66,67,74,74,71,71,72,69,assets/players/nfl/r_davanteadams.webp
Kyler Murray,real,2,QB,85,85,29,Riada,178,1,63,73,69,62,91,97,91,91,74,68,88,73,67,68,69,72,66,71,62,65,70,70,64,68,63,66,73,68,65,72,64,65,assets/players/nfl/r_kylermurray.webp
Jamal Adams,real,-1,LB,82,82,30,Skote,185,32,85,67,67,80,82,65,66,68,63,70,61,68,64,64,63,64,68,60,70,61,70,68,73,96,95,63,62,68,71,67,65,63,assets/players/nfl/r_jamaladams.webp
Stefon Diggs,real,1,WR,86,86,32,Peronia,183,3,99,99,92,65,66,71,72,63,73,66,72,69,69,70,72,98,99,90,79,65,72,64,74,74,69,74,68,73,69,63,64,65,assets/players/nfl/r_stefondiggs.webp
Fred Warner,real,2,LB,90,90,29,Riada,190,54,89,76,71,89,99,68,68,69,77,71,69,74,75,76,77,73,73,69,73,69,75,71,84,99,99,67,70,66,75,69,75,71,assets/players/nfl/r_fredwarner.webp
Dexter Lawrence,real,0,DL,88,88,28,Skote,196,97,59,66,65,98,74,65,66,67,74,74,73,76,65,65,73,67,68,73,73,72,71,73,96,94,82,67,69,69,68,71,67,67,assets/players/nfl/r_dexterlawrence.webp
Sauce Gardner,real,7,CB,86,88,25,Margin,190,1,98,70,96,71,70,73,73,73,69,71,72,72,64,63,71,71,74,63,66,69,72,64,62,73,68,94,89,91,90,73,65,69,assets/players/nfl/r_saucegardner.webp
DK Metcalf,real,6,WR,84,84,28,Melonia,193,4,97,92,95,77,63,62,72,71,62,63,72,65,65,69,63,93,93,92,85,67,68,67,64,62,70,69,72,68,72,63,67,68,assets/players/nfl/r_dkmetcalf.webp
T.J. Hockenson,real,2,TE,89,89,29,Peronia,196,87,89,72,70,93,70,76,67,75,73,65,67,72,74,70,76,89,98,74,93,68,82,69,73,65,69,65,67,74,76,71,71,68,assets/players/nfl/r_tjhockenson.webp
Marlon Humphrey,real,4,CB,87,87,30,Kaigam,183,44,99,67,99,70,73,73,75,70,73,64,63,69,67,67,67,64,78,74,64,72,73,67,66,74,74,95,86,92,86,72,69,73,assets/players/nfl/r_marlonhumphrey.webp
Josh Jacobs,real,-1,RB,81,81,28,Iberia,178,8,87,92,93,81,70,68,69,64,64,67,65,65,92,92,85,70,73,67,60,59,67,67,64,62,69,67,65,63,68,67,64,61,assets/players/nfl/r_joshjacobs.webp
Bryce Young,real,-1,QB,80,82,25,Tamago,178,9,55,66,62,64,79,89,88,81,70,59,90,77,59,66,62,69,67,67,62,61,65,59,58,64,67,68,59,69,64,62,65,68,assets/players/nfl/r_bryceyoung.webp
Alvin Kamara,real,1,RB,82,82,31,Tamago,178,41,92,93,90,75,62,67,65,66,68,62,61,60,84,99,87,59,84,70,65,67,61,71,63,67,65,59,69,60,66,71,66,64,assets/players/nfl/r_alvinkamara.webp
Jonathan Allen,real,7,DL,86,86,31,Magayanes,190,93,61,64,63,99,72,70,74,72,62,70,74,72,63,69,65,64,62,71,72,65,66,67,87,91,83,68,72,66,72,74,71,72,assets/players/nfl/r_jonathanallen.webp
Jayden Daniels,real,-1,QB,81,83,25,Peronia,193,5,53,61,70,67,89,85,85,89,73,56,88,75,60,64,67,66,60,64,63,68,64,70,60,64,65,65,63,60,64,63,65,60,assets/players/nfl/r_jaydendaniels.webp
Deebo Samuel Sr.,real,5,WR,84,84,30,Skote,183,19,96,95,88,65,68,71,72,71,68,66,72,62,61,68,61,96,95,94,75,69,62,63,65,61,66,72,65,65,68,67,71,63,assets/players/nfl/r_deebosamuel.webp
Landon Dickerson,real,-1,OL,81,81,27,Overmark,198,69,37,60,63,94,68,70,68,63,68,66,61,61,61,61,59,62,67,59,62,91,87,91,64,62,61,59,59,68,65,65,60,61,assets/players/nfl/r_landondickerson.webp
Cooper DeJean,real,0,CB,87,92,23,Skote,183,33,99,62,99,65,73,68,66,64,67,70,65,70,74,67,66,71,72,75,63,67,65,63,75,72,69,93,95,90,88,73,66,65,assets/players/nfl/r_cooperdejean.webp
DeVonta Smith,real,3,WR,85,85,27,Iberia,183,6,99,94,99,65,68,63,62,68,70,70,74,64,66,67,73,97,95,90,76,67,71,64,62,73,69,69,62,67,71,69,71,67,assets/players/nfl/r_devontasmith.webp
Ed Oliver,real,2,DL,89,89,28,Tamago,185,91,67,70,73,99,67,67,65,65,71,71,73,66,70,65,72,68,67,71,65,69,71,65,94,95,84,75,66,71,74,71,68,68,assets/players/nfl/r_edoliver.webp
Dion Dawkins,real,2,OL,88,88,32,Magayanes,196,73,38,71,68,99,72,66,75,71,67,71,74,73,73,72,65,65,65,72,75,97,98,98,70,70,76,68,65,75,73,70,70,72,assets/players/nfl/r_diondawkins.webp
Dawson Knox,real,4,TE,88,88,29,Riada,193,88,78,65,65,89,68,67,65,65,67,73,72,71,72,74,72,93,99,66,94,67,87,75,65,74,73,66,69,75,75,67,66,65,assets/players/nfl/r_dawsonknox.webp
Garett Bolles,real,3,OL,84,84,34,Peronia,196,72,42,64,65,95,62,68,71,67,64,69,62,72,73,62,69,72,61,65,66,91,93,95,70,67,66,69,73,66,69,63,73,67,assets/players/nfl/r_garettbolles.webp
Harrison Butker,real,2,K,85,85,31,Margin,193,7,68,68,70,69,71,63,73,72,72,64,70,63,65,64,73,71,71,71,66,70,65,64,72,73,65,64,62,62,70,62,93,93,assets/players/nfl/r_harrisonbutker.webp
Chris Jones,real,3,DL,84,84,32,Tamago,198,95,59,63,65,99,65,65,66,69,62,65,68,62,71,71,67,64,64,62,67,71,61,66,87,86,79,69,62,65,62,69,68,70,assets/players/nfl/r_chrisjones.webp
Creed Humphrey,real,4,OL,87,87,27,Overmark,193,52,37,73,65,99,66,72,69,64,68,73,66,68,69,65,65,72,69,66,69,99,91,99,67,63,75,75,64,69,70,72,68,67,assets/players/nfl/r_creedhumphrey.webp
Amon-Ra St. Brown,real,2,WR,82,84,26,Riada,183,14,99,94,86,62,69,64,60,70,62,63,64,63,68,61,64,96,87,91,73,64,62,61,60,66,65,61,59,70,71,60,66,66,assets/players/nfl/r_amonrastbrown.webp
Mark Andrews,real,0,TE,86,86,31,Tamago,196,89,79,71,74,83,72,71,73,65,64,64,64,71,72,74,64,87,96,71,99,66,82,64,74,66,67,69,63,65,74,68,66,63,assets/players/nfl/r_markandrews.webp
Jeffery Simmons,real,6,DL,84,84,29,Overmark,193,98,58,66,72,99,67,70,67,61,70,69,64,71,70,65,69,72,65,66,65,62,62,70,89,92,72,66,64,66,65,69,71,69,assets/players/nfl/r_jefferysimmons.webp
Puka Nacua,real,7,WR,86,88,25,Iberia,188,12,99,96,98,76,64,70,68,68,73,64,68,65,72,66,65,99,96,87,80,68,63,69,67,65,74,69,72,72,66,66,71,73,assets/players/nfl/r_pukanacua.webp
Daniel Jones,real,6,QB,82,82,29,Melonia,196,17,58,68,59,61,85,93,92,82,72,58,90,73,67,68,66,68,65,66,66,60,66,70,69,70,66,66,67,71,65,67,67,61,assets/players/nfl/r_danieljones.webp
Minkah Fitzpatrick,real,2,S,87,87,29,Kaigam,185,29,99,67,68,66,93,73,73,72,67,74,68,67,73,73,74,73,78,64,73,73,68,74,70,88,70,74,99,94,72,99,71,68,assets/players/nfl/r_minkahfitzpatrick.webp
Jacoby Brissett,real,-1,QB,77,77,33,Tamago,193,7,50,64,66,63,76,88,91,75,72,55,86,69,60,63,65,60,66,67,65,64,66,56,59,67,65,64,56,61,65,60,63,57,assets/players/nfl/r_jacobybrissett.webp
Tony Pollard,real,5,RB,81,81,29,Magayanes,183,20,89,96,90,74,67,60,65,62,64,69,65,70,85,93,93,66,75,69,64,67,59,69,59,59,67,67,65,62,62,65,65,69,assets/players/nfl/r_tonypollard.webp
DeMarcus Lawrence,real,-1,LB,79,79,34,Kaigam,190,0,74,66,62,85,86,63,58,58,62,66,65,63,67,63,68,64,64,65,58,69,64,63,73,86,89,66,62,64,58,62,57,68,assets/players/nfl/r_demarcuslawrence.webp
Caleb Williams,real,-1,QB,80,85,24,Margin,185,18,57,64,68,64,87,83,88,82,79,60,87,67,62,68,66,64,64,66,69,66,68,67,66,67,61,63,63,69,61,68,59,60,assets/players/nfl/r_calebwilliams.webp
Justin Fields,real,0,QB,84,84,27,Iberia,190,6,63,69,64,69,85,95,98,88,69,65,91,70,68,69,64,72,70,70,62,63,61,66,65,68,65,73,70,67,64,64,65,64,assets/players/nfl/r_justinfields.webp
Terry McLaurin,real,7,WR,81,81,31,Magayanes,183,17,98,90,94,69,61,68,60,61,58,59,60,59,70,65,66,85,94,82,79,68,62,64,66,61,67,64,67,60,69,62,68,69,assets/players/nfl/r_terrymclaurin.webp
Aaron Jones,real,3,RB,81,81,31,Margin,175,33,97,95,95,75,63,67,70,69,63,65,69,69,83,96,84,65,70,59,68,64,60,66,58,61,63,60,70,63,66,66,69,63,assets/players/nfl/r_aaronjones.webp
Quinnen Williams,real,2,DL,82,82,28,Riada,190,92,61,62,70,94,70,63,68,67,60,66,65,66,67,71,70,59,63,63,68,64,62,63,85,86,79,67,59,62,61,71,61,62,assets/players/nfl/r_quinnenwilliams.webp
Damar Hamlin,real,4,S,87,87,28,Margin,183,3,99,73,66,73,92,64,73,66,72,73,65,73,75,73,71,67,76,64,70,73,65,73,71,90,67,71,99,96,63,99,68,70,assets/players/nfl/r_damarhamlin.webp
Courtland Sutton,real,4,WR,82,82,30,Skote,193,14,99,89,86,70,70,64,65,64,61,66,69,61,62,69,65,98,95,85,72,61,67,65,62,66,63,70,67,65,59,61,69,60,assets/players/nfl/r_courtlandsutton.webp
Bradley Chubb,real,7,LB,85,85,30,Magayanes,193,9,80,59,62,94,86,71,64,72,73,69,69,64,71,73,73,72,70,72,69,62,63,64,77,99,94,69,64,69,63,66,69,69,assets/players/nfl/r_bradleychubb.webp
Zach Wilson,real,-1,QB,79,79,27,Skote,188,4,52,65,68,59,78,90,87,85,68,59,89,75,57,60,61,61,59,59,67,64,62,60,59,58,58,61,59,66,61,64,64,60,assets/players/nfl/r_zachwilson.webp
Pat Surtain II,real,1,CB,86,88,26,Iberia,188,2,96,66,99,67,72,64,72,71,73,65,68,65,68,65,71,72,76,70,67,69,63,70,73,64,68,94,86,94,88,65,63,74,assets/players/nfl/r_patricksurtainii.webp
Trent McDuffie,real,2,CB,79,81,26,Skote,180,22,92,67,90,69,61,65,60,68,58,60,58,63,62,63,62,67,67,65,64,64,64,64,61,61,65,85,84,80,79,57,58,58,assets/players/nfl/r_trentmcduffie.webp
Denzel Ward,real,3,CB,85,85,29,Peronia,180,21,97,69,99,72,69,68,66,62,63,69,71,71,65,70,67,65,72,70,69,64,65,70,65,67,72,89,90,91,85,68,69,71,assets/players/nfl/r_denzelward.webp
David Njoku,real,-1,TE,81,81,30,Tamago,193,83,72,69,66,87,70,66,63,69,70,70,66,68,66,64,64,76,92,63,91,59,78,62,70,65,67,66,66,66,70,70,70,63,assets/players/nfl/r_davidnjoku.webp
Budda Baker,real,0,S,83,83,30,Kaigam,178,3,92,61,62,69,90,64,63,67,67,62,71,72,69,70,69,64,77,70,69,66,60,63,64,87,68,67,86,95,61,97,62,68,assets/players/nfl/r_buddabaker.webp
Aidan Hutchinson,real,1,DL,85,87,26,Margin,201,97,62,71,66,99,62,69,67,63,63,68,71,64,63,71,62,71,70,70,73,68,70,65,89,94,72,73,69,67,72,63,73,71,assets/players/nfl/r_aidanhutchinson.webp
Keenan Allen,real,1,WR,78,78,34,Kaigam,188,10,91,85,83,64,61,67,64,67,61,66,63,58,57,59,67,90,87,82,77,66,58,66,65,63,62,65,61,61,57,65,63,59,assets/players/nfl/r_keenanallen.webp
Julius Chestnut,real,7,RB,84,86,25,Riada,180,36,86,97,99,80,62,67,67,62,65,64,64,61,90,96,92,66,81,68,65,64,65,62,64,65,68,66,72,72,72,65,66,64,assets/players/nfl/r_juliuschestnut.webp
Cole Holcomb,real,5,LB,81,81,30,Skote,185,55,80,64,69,86,82,63,65,62,66,64,70,68,66,67,68,70,58,60,66,65,60,69,79,84,96,63,62,59,59,62,63,64,assets/players/nfl/r_coleholcomb.webp
Arden Key,real,7,DL,81,81,30,Peronia,196,98,68,59,70,88,69,61,66,69,59,67,65,69,68,69,67,67,63,69,63,70,64,69,89,85,72,64,70,70,60,64,62,65,assets/players/nfl/r_ardenkey.webp
Devin Singletary,real,6,RB,81,81,29,Skote,170,26,89,90,93,76,63,65,68,60,65,68,66,61,87,98,84,69,78,66,64,61,68,65,59,61,61,69,68,61,58,61,65,69,assets/players/nfl/r_devinsingletary.webp
Cesar Ruiz,real,7,OL,85,85,27,Tamago,193,51,40,65,72,98,67,69,72,69,66,63,67,62,71,70,62,70,65,73,68,99,90,93,65,72,62,70,67,65,72,72,66,64,assets/players/nfl/r_cesarruiz.webp
Jourdan Lewis,real,6,CB,81,81,31,Kaigam,178,2,99,70,93,63,68,61,63,70,67,67,67,66,68,63,65,58,65,65,64,64,64,69,60,68,62,86,87,83,80,61,66,61,assets/players/nfl/r_jourdanlewis.webp
Jordan Mailata,real,2,OL,82,82,29,Magayanes,203,68,30,62,70,98,60,62,61,59,70,67,61,65,63,63,60,70,60,66,62,94,86,88,59,67,68,60,66,65,63,60,68,63,assets/players/nfl/r_jordanmailata.webp
Kyle Hinton,real,0,OL,85,85,28,Kaigam,188,68,43,67,73,99,70,64,67,72,68,68,62,68,71,62,67,63,71,64,64,88,93,98,68,67,73,70,72,72,67,66,74,67,assets/players/nfl/r_kylehinton.webp
Tremaine Edmunds,real,0,LB,85,85,28,Iberia,193,49,76,61,66,91,88,63,70,63,71,64,63,65,65,64,65,72,63,73,73,69,67,66,82,97,98,73,66,67,65,72,66,68,assets/players/nfl/r_tremaineedmunds.webp
Taron Johnson,real,5,CB,75,75,30,Overmark,180,3,86,55,87,57,55,61,54,59,54,57,66,61,61,65,60,60,61,59,57,64,61,59,60,64,55,84,76,76,79,58,65,57,assets/players/nfl/r_taronjohnson.webp
Darren Waller,real,6,TE,80,80,34,Margin,198,88,71,60,62,82,68,59,70,64,68,62,66,59,68,60,66,84,82,58,87,64,81,68,68,62,64,62,58,65,69,69,67,65,assets/players/nfl/r_darrenwaller.webp
David Edwards,real,1,OL,85,85,29,Peronia,198,76,34,72,71,96,65,65,65,71,67,73,71,63,70,66,71,65,63,64,72,92,95,96,72,71,68,71,67,73,62,62,68,72,assets/players/nfl/r_davidedwards.webp
Bo Nix,real,-1,QB,78,80,26,Tamago,188,10,54,57,62,67,81,87,89,86,68,64,80,71,62,64,64,62,61,60,59,62,62,67,68,62,58,63,57,60,64,57,64,57,assets/players/nfl/r_bonix.webp
Trent Sherfield,real,-1,WR,79,79,30,Riada,183,18,97,88,88,67,62,62,64,59,62,58,62,68,63,63,59,91,89,81,67,65,57,63,68,59,57,67,58,64,66,68,60,59,assets/players/nfl/r_trentsherfield.webp
Eric Saubert,real,1,TE,81,81,32,Melonia,196,81,75,63,65,85,61,61,60,70,64,68,59,59,67,60,67,77,93,64,90,61,76,59,61,59,67,59,59,70,63,69,61,64,assets/players/nfl/r_ericsaubert.webp
Davon Godchaux,real,5,DL,82,82,31,Magayanes,190,92,60,62,70,95,66,60,65,67,61,61,69,65,67,68,65,70,67,69,71,65,69,62,91,83,72,70,61,69,60,60,71,62,assets/players/nfl/r_davongodchaux.webp
David Montgomery,real,2,RB,78,78,29,Tamago,180,32,83,90,92,76,65,66,68,59,57,66,60,68,85,89,85,63,72,58,60,66,65,61,67,61,67,59,65,62,62,65,56,67,assets/players/nfl/r_davidmontgomery.webp
Adam Butler,real,1,DL,82,82,32,Tamago,196,69,68,64,68,95,61,71,70,65,67,63,69,71,64,68,65,70,60,62,69,67,63,67,85,82,75,65,68,70,65,60,61,71,assets/players/nfl/r_adambutler.webp
Taylor Rapp,real,-1,S,78,78,28,Riada,183,30,84,62,63,68,86,59,61,57,60,61,65,61,59,62,58,60,70,65,63,56,62,56,61,79,68,57,81,87,58,96,63,67,assets/players/nfl/r_taylorrapp.webp
Sam Okuayinonu,real,-1,DL,78,78,28,Skote,185,91,56,67,63,90,67,60,66,58,64,64,58,60,60,68,57,66,66,67,57,56,60,64,87,79,68,60,67,60,61,57,68,57,assets/players/nfl/r_samokuayinonu.webp
Brady Cook,real,-1,QB,72,77,24,Riada,188,15,53,56,55,60,76,77,78,77,71,52,73,66,59,57,61,55,62,58,60,57,52,58,54,55,60,56,59,61,60,58,59,57,assets/players/nfl/r_bradycook.webp
Azeez Al-Shaair,real,-1,LB,79,79,29,Riada,188,0,83,65,68,77,78,68,62,59,63,59,69,67,67,64,68,63,65,68,61,62,65,66,77,92,88,65,64,68,64,65,62,64,assets/players/nfl/r_azeezalshaair.webp
Josh Conerly Jr.,real,7,OL,81,89,22,Peronia,193,72,40,69,63,89,65,70,62,67,62,62,60,68,69,64,65,59,61,62,65,91,87,93,70,68,69,63,59,62,62,66,63,68,assets/players/nfl/r_joshconerlyjr.webp
Nick Allegretti,real,6,OL,83,83,30,Kaigam,193,67,39,66,70,98,63,65,69,65,63,66,66,63,68,62,65,61,67,69,62,91,90,90,65,70,70,72,70,70,68,61,62,68,assets/players/nfl/r_nickallegretti.webp
Kansei Matsuzawa,real,-1,K,80,80,27,Magayanes,188,38,64,62,69,66,66,58,65,66,62,64,60,68,64,59,58,59,60,67,59,67,69,61,65,67,69,70,68,69,70,66,92,82,assets/players/nfl/r_kanseimatsuzawa.webp
Geron Christian,real,-1,OL,78,78,30,Magayanes,196,79,30,62,57,95,58,65,58,68,58,61,65,64,60,59,57,63,68,59,68,78,87,91,61,68,68,66,57,56,66,59,60,58,assets/players/nfl/r_geronchristian.webp
Jonathan Harris,real,-1,DL,78,78,30,Tamago,196,0,55,64,65,89,61,66,57,61,68,57,60,66,63,56,67,67,57,58,58,58,67,56,85,84,67,65,63,67,63,56,56,62,assets/players/nfl/r_jonathanharris.webp
Jaylen Reed,real,6,S,80,85,23,Iberia,183,23,85,60,59,66,86,62,69,61,59,65,61,70,62,67,58,59,67,67,65,67,67,68,68,86,59,61,92,92,69,92,68,61,assets/players/nfl/r_jaylenreed.webp
Travis Hunter,real,5,CB,79,84,23,Overmark,185,12,94,67,94,68,62,63,63,60,66,60,63,65,64,59,66,62,64,58,65,66,67,67,63,68,58,79,83,86,82,66,68,61,assets/players/nfl/r_travishunter.webp
Coleman Shelton,real,3,OL,80,80,31,Iberia,196,65,41,61,62,94,61,67,59,64,62,63,63,58,64,68,60,60,62,65,60,90,88,83,62,59,63,59,63,62,67,60,64,68,assets/players/nfl/r_colemanshelton.webp
Austin Corbett,real,5,OL,82,82,31,Tamago,193,63,39,62,66,92,64,60,70,61,64,70,63,69,65,63,63,70,62,70,62,87,94,94,71,66,63,62,62,69,62,69,61,60,assets/players/nfl/r_austincorbett.webp
"Za&#x27;Darius Smith",real,2,DL,78,78,34,Iberia,193,53,60,63,59,90,65,64,68,67,59,60,67,65,64,63,59,66,66,63,64,58,66,64,84,81,68,66,66,67,64,65,56,67,assets/players/nfl/r_zadariussmith.webp
Tom Kennedy,real,0,WR,77,77,30,Overmark,178,85,94,87,88,64,57,64,59,65,60,65,65,66,63,59,57,88,86,79,67,66,60,62,65,66,55,63,58,57,63,65,57,63,assets/players/nfl/r_tomkennedy.webp
Jahlani Tavai,real,1,LB,84,84,29,Kaigam,188,31,86,62,69,93,83,67,67,73,66,62,64,72,70,67,72,65,63,71,62,69,67,63,80,91,94,64,71,67,66,70,65,70,assets/players/nfl/r_jahlanitavai.webp
Emmanuel Ogbah,real,-1,DL,75,75,32,Iberia,193,90,54,63,57,81,54,57,58,61,61,58,54,62,62,64,63,63,55,61,58,55,64,63,84,80,69,65,62,56,65,61,61,54,assets/players/nfl/r_emmanuelogbah.webp
Dallas Goedert,real,5,TE,79,79,31,Magayanes,196,88,70,59,61,82,63,62,68,60,63,67,64,65,60,63,57,79,88,63,89,61,74,57,64,64,57,65,58,66,65,66,66,68,assets/players/nfl/r_dallasgoedert.webp
Joe Andreessen,real,3,LB,76,78,26,Margin,185,44,76,58,62,79,75,65,56,66,61,55,63,55,56,58,56,61,59,56,55,55,57,66,70,91,86,60,60,55,59,66,64,65,assets/players/nfl/r_joeandreessen.webp
Joe Giles-Harris,real,-1,LB,78,78,29,Iberia,188,43,79,66,56,76,85,66,63,62,61,64,59,61,63,63,67,65,63,56,58,64,62,58,68,87,92,60,59,58,62,58,63,58,assets/players/nfl/r_joegilesharris.webp
DaVon Hamilton,real,6,DL,76,76,29,Peronia,193,52,55,64,62,92,62,66,55,60,63,56,64,57,59,65,56,55,65,63,55,58,60,55,77,79,71,58,57,62,54,62,57,58,assets/players/nfl/r_davonhamilton.webp
Dre Greenlaw,real,3,LB,82,82,29,Magayanes,183,57,82,71,69,81,90,69,65,65,61,64,64,68,64,63,60,63,63,62,60,64,68,65,72,97,89,67,67,61,68,68,63,69,assets/players/nfl/r_dregreenlaw.webp
Avonte Maddox,real,-1,S,77,77,30,Skote,175,29,89,63,64,63,81,64,66,64,65,56,61,57,63,57,65,64,70,59,66,64,62,57,64,83,58,58,87,80,67,90,60,66,assets/players/nfl/r_avontemaddox.webp
Keisean Nixon,real,7,S,82,82,29,Peronia,178,25,86,63,63,61,96,61,62,65,69,63,62,67,61,67,63,71,78,68,63,70,68,66,67,85,62,63,89,88,63,95,60,69,assets/players/nfl/r_keiseannixon.webp
Christian Kirk,real,-1,WR,79,79,29,Skote,180,3,94,86,82,62,67,63,65,63,66,58,65,64,65,59,66,94,90,79,75,67,58,63,57,65,69,68,68,60,62,58,65,65,assets/players/nfl/r_christiankirk.webp
Max Pircher,real,-1,OL,76,76,27,Tamago,201,0,30,63,64,92,57,65,65,60,60,59,55,61,61,60,62,62,61,60,63,84,83,80,58,58,65,57,57,66,61,61,57,57,assets/players/nfl/r_maxpircher.webp
AJ Dillon,real,1,RB,76,76,28,Margin,183,28,75,88,87,82,61,56,56,59,58,62,59,54,82,84,85,59,68,55,66,61,62,60,65,57,63,62,59,56,58,59,66,55,assets/players/nfl/r_ajdillon.webp
Taylor Moton,real,4,OL,81,81,32,Skote,196,72,40,60,63,98,64,63,62,61,64,64,68,70,61,60,62,61,69,64,64,82,90,90,60,61,65,64,58,61,60,65,70,66,assets/players/nfl/r_taylormoton.webp
Drew Sample,real,1,TE,77,77,30,Tamago,196,89,68,59,65,78,60,62,67,61,64,58,66,59,59,64,56,75,85,61,87,65,76,56,66,59,57,62,63,60,55,62,64,58,assets/players/nfl/r_drewsample.webp
Dalton Risner,real,5,OL,78,78,31,Magayanes,196,66,36,59,61,92,59,64,57,61,62,59,66,64,62,59,59,61,61,64,57,89,84,82,63,62,65,68,65,66,58,68,68,64,assets/players/nfl/r_daltonrisner.webp
"Dre&#x27;Mont Jones",real,0,DL,80,80,29,Kaigam,190,5,61,61,59,87,67,67,58,64,69,63,59,66,59,69,61,68,64,66,64,59,64,62,85,87,75,58,68,66,61,61,63,59,assets/players/nfl/r_dremontjones.webp
Mike Ford,real,1,CB,77,77,31,Peronia,183,28,91,66,93,62,58,60,57,57,58,56,56,60,65,60,62,58,64,62,55,60,55,65,66,63,63,84,75,82,77,67,64,61,assets/players/nfl/r_mikeford.webp
Josh Hines-Allen,real,4,DL,81,81,29,Tamago,196,41,61,65,68,89,68,67,68,70,66,65,60,62,69,61,64,65,64,63,67,64,59,59,89,89,69,66,65,68,62,64,59,67,assets/players/nfl/r_joshhinesallen.webp
Ted Karras,real,1,OL,80,80,33,Melonia,193,64,34,65,59,95,68,68,58,68,63,62,64,67,66,63,69,67,68,62,64,88,87,89,66,65,69,63,68,62,69,61,68,58,assets/players/nfl/r_tedkarras.webp
Josh Sills,real,-1,OL,79,79,28,Iberia,198,66,33,59,57,92,67,58,65,63,61,59,68,59,63,67,68,67,60,57,60,91,84,85,59,59,68,67,63,58,65,59,59,63,assets/players/nfl/r_joshsills.webp
Grover Stewart,real,3,DL,79,79,32,Tamago,193,90,63,57,62,94,64,60,65,67,65,62,58,67,63,66,67,57,57,62,60,60,64,64,81,82,71,57,67,57,67,62,66,62,assets/players/nfl/r_groverstewart.webp
Kenny Moore II,real,-1,CB,77,77,31,Kaigam,175,0,86,56,90,64,60,57,58,65,63,62,63,57,64,62,58,57,70,61,65,63,61,64,56,59,63,84,79,84,74,57,62,62,assets/players/nfl/r_kennymoore.webp
Justice Hill,real,7,RB,76,76,28,Peronia,178,43,83,86,87,72,58,59,64,66,59,61,61,60,80,86,87,57,69,62,63,63,61,60,58,56,55,64,58,61,59,56,57,58,assets/players/nfl/r_justicehill.webp
A.J. Terrell,real,-1,CB,77,77,28,Margin,185,24,93,65,89,57,58,59,59,62,64,65,61,62,61,55,59,63,60,60,65,65,63,67,64,55,60,78,82,85,76,59,67,58,assets/players/nfl/r_ajterrell.webp
Cam Jurgens,real,0,OL,81,81,27,Skote,190,51,33,66,67,95,68,63,64,69,68,60,61,59,62,66,67,66,65,62,63,82,91,95,62,67,61,68,61,67,67,70,68,59,assets/players/nfl/r_camjurgens.webp
Jordyn Brooks,real,5,LB,76,76,28,Peronia,183,20,74,60,62,74,76,56,62,57,65,56,64,61,56,61,55,59,66,56,66,59,61,66,75,90,87,58,59,60,58,56,59,65,assets/players/nfl/r_jordynbrooks.webp
Caleb Downs,real,3,S,81,89,21,Tamago,183,13,87,69,70,65,88,67,60,62,60,70,67,63,61,60,60,59,72,63,59,60,65,69,69,83,60,68,91,85,65,99,67,64,assets/players/nfl/r_calebdowns.webp
KhaDarel Hodge,real,-1,WR,74,74,32,Melonia,188,0,86,78,80,56,55,57,60,62,65,55,61,54,53,60,62,80,86,82,74,63,58,58,58,57,58,57,54,56,59,55,58,62,assets/players/nfl/r_khadarelhodge.webp
Eric Murray,real,5,S,79,79,32,Skote,180,29,90,60,63,60,84,65,64,62,63,65,60,67,67,62,61,58,69,62,59,61,65,64,64,79,61,61,86,89,57,96,65,59,assets/players/nfl/r_ericmurray.webp
Braxton Berrios,real,-1,WR,75,75,30,Tamago,175,87,94,89,79,56,57,58,62,54,64,61,54,58,61,63,63,86,81,80,66,57,60,57,60,55,59,61,58,56,61,55,57,55,assets/players/nfl/r_braxtonberrios.webp
Cody Barton,real,1,LB,79,79,29,Peronia,188,50,76,59,61,80,80,61,69,60,67,65,63,63,57,68,57,60,61,57,63,58,68,61,79,88,88,61,60,66,59,58,66,63,assets/players/nfl/r_codybarton.webp
Evan Engram,real,3,TE,80,80,32,Skote,190,1,80,65,65,81,65,60,60,65,62,65,61,65,69,63,61,79,89,62,85,66,77,64,68,61,64,62,63,69,67,61,67,58,assets/players/nfl/r_evanengram.webp
Josh Tupou,real,4,DL,78,78,32,Overmark,190,94,56,59,61,91,65,61,63,63,61,61,61,56,56,65,57,63,66,67,66,65,59,65,80,86,70,57,65,56,68,68,56,57,assets/players/nfl/r_joshtupou.webp
Jonah Laulu,real,0,DL,77,79,26,Overmark,196,96,60,61,63,88,61,61,67,67,56,63,57,57,64,62,58,66,56,66,62,67,61,62,83,75,73,66,64,63,61,60,59,56,assets/players/nfl/r_jonahlaulu.webp
Javon Kinlaw,real,1,DL,78,78,28,Overmark,196,99,56,58,62,90,58,61,57,60,67,58,57,58,57,61,63,65,63,56,60,66,63,57,83,86,68,62,58,61,61,57,65,62,assets/players/nfl/r_javonkinlaw.webp
Bailey Zappe,real,-1,QB,73,73,27,Riada,185,4,49,58,58,56,72,77,82,81,70,59,75,70,57,53,56,63,60,59,54,60,59,61,53,53,61,62,53,64,55,61,55,61,assets/players/nfl/r_baileyzappe.webp
Montez Sweat,real,5,DL,79,79,30,Tamago,198,98,64,59,65,82,58,68,59,58,61,64,64,68,57,65,57,65,57,63,60,58,65,65,85,84,77,62,63,60,65,62,62,67,assets/players/nfl/r_montezsweat.webp
Nick Bolton,real,7,LB,77,79,26,Iberia,180,32,71,61,62,84,83,57,62,65,62,57,64,66,58,60,65,62,62,62,63,61,62,57,70,82,90,62,59,63,63,66,59,63,assets/players/nfl/r_nickbolton.webp
Evan McPherson,real,4,K,80,80,27,Kaigam,180,2,59,69,69,65,62,68,61,65,67,67,62,61,65,68,66,59,68,67,62,64,59,60,61,62,69,68,65,64,59,61,89,86,assets/players/nfl/r_evanmcpherson.webp
Isaac Yiadom,real,-1,CB,76,76,30,Melonia,185,0,94,61,91,63,59,56,59,60,64,63,56,60,56,64,57,60,59,63,66,60,58,59,63,58,65,84,79,76,71,63,63,61,assets/players/nfl/r_isaacyiadom.webp
Braden Mann,real,2,P,83,83,28,Iberia,180,10,63,67,64,70,71,60,64,70,62,67,61,67,63,68,67,71,72,67,65,67,63,64,62,61,71,60,67,60,65,65,92,82,assets/players/nfl/r_bradenmann.webp
David Onyemata,real,-1,DL,75,75,33,Melonia,190,93,56,65,56,90,60,59,62,65,63,61,57,54,65,63,61,55,54,57,59,58,63,63,78,77,65,59,59,58,65,61,57,61,assets/players/nfl/r_davidonyemata.webp
Jahan Dotson,real,3,WR,76,78,26,Magayanes,180,4,95,82,83,53,55,56,64,65,65,57,60,57,65,57,55,83,88,78,69,60,55,56,64,64,65,58,64,58,66,56,55,59,assets/players/nfl/r_jahandotson.webp
Jonathan Owens,real,1,S,76,76,31,Melonia,180,38,82,59,56,58,86,60,64,57,59,60,57,57,65,65,66,56,67,63,61,56,58,60,57,78,65,63,82,79,65,96,61,60,assets/players/nfl/r_jonathanowens.webp
Mykel Williams,real,-1,DL,75,83,22,Melonia,196,98,64,62,65,86,64,62,56,58,62,63,60,61,65,63,58,59,58,61,60,60,59,64,81,77,62,64,58,62,65,63,60,64,assets/players/nfl/r_mykelwilliams.webp
DJ Moore,real,5,WR,75,75,29,Iberia,183,2,92,83,82,63,54,54,57,55,60,57,64,62,54,60,57,87,84,76,73,57,62,54,60,64,60,60,60,64,60,64,65,65,assets/players/nfl/r_djmoore.webp
Nolan Smith,real,0,LB,77,79,25,Tamago,188,3,74,58,59,83,84,60,65,60,66,62,61,60,64,61,63,59,57,59,56,62,58,65,66,90,86,61,66,61,60,63,64,64,assets/players/nfl/r_nolansmith.webp
Daniel Carlson,real,0,K,79,79,31,Peronia,196,10,57,64,59,59,62,57,61,65,62,67,63,61,69,62,57,59,68,57,59,65,69,62,58,65,67,65,68,64,68,67,83,89,assets/players/nfl/r_danielcarlson.webp
Leonard Williams,real,6,DL,78,78,32,Riada,196,99,60,60,66,92,67,58,65,65,64,62,62,61,62,63,65,65,64,59,67,60,65,65,85,77,68,65,57,58,60,59,58,67,assets/players/nfl/r_leonardwilliams.webp
Dan Feeney,real,3,OL,74,74,32,Overmark,193,65,30,60,63,90,56,55,61,54,57,62,59,63,54,58,59,61,63,53,56,74,84,85,55,53,63,59,54,55,58,64,62,54,assets/players/nfl/r_danfeeney.webp
Chris Collier,real,-1,RB,71,73,26,Margin,180,33,81,85,83,70,51,61,58,54,56,60,57,59,69,78,80,51,61,51,61,51,61,60,55,58,56,59,61,55,61,58,55,60,assets/players/nfl/r_chriscollier.webp
Corey Bojorquez,real,4,P,81,81,30,Magayanes,183,13,63,58,69,64,66,60,69,63,61,70,62,63,64,67,63,62,67,60,62,61,65,61,62,59,63,67,58,66,61,62,87,84,assets/players/nfl/r_coreybojorquez.webp
Samaje Perine,real,4,RB,74,74,31,Melonia,178,34,76,86,81,71,53,54,56,58,60,57,60,65,83,83,82,62,72,62,59,62,63,62,64,57,64,56,64,64,64,57,60,55,assets/players/nfl/r_samajeperine.webp
Tyler Baron,real,-1,DL,74,79,24,Tamago,193,94,59,63,62,80,59,64,56,56,62,64,55,55,58,60,54,56,58,55,62,61,54,55,82,82,61,57,58,62,55,60,55,59,assets/players/nfl/r_tylerbaron.webp
James Conner,real,-1,RB,69,69,31,Overmark,185,6,70,78,75,72,50,60,52,53,52,53,59,60,74,83,72,58,68,60,52,58,57,60,60,54,54,54,56,53,57,52,53,58,assets/players/nfl/r_jamesconner.webp
Jalyn Holmes,real,-1,DL,70,70,30,Iberia,196,97,59,54,55,80,57,56,55,58,55,59,50,59,52,51,58,59,59,52,55,59,55,58,71,72,66,61,57,61,58,61,56,50,assets/players/nfl/r_jalynholmes.webp
Rigoberto Sanchez,real,0,P,80,80,32,Margin,183,8,65,67,64,66,61,63,61,60,58,65,58,65,63,68,69,66,66,59,59,67,61,62,63,69,60,68,58,62,64,69,88,81,assets/players/nfl/r_rigobertosanchez.webp
Ian Thomas,real,2,TE,79,79,30,Margin,190,80,71,68,68,83,65,65,57,64,61,61,58,68,62,61,63,83,86,58,84,64,74,62,59,66,58,68,59,57,62,69,68,64,assets/players/nfl/r_ianthomas.webp
Keyron Crawford,real,-1,DL,73,81,22,Skote,193,42,54,61,63,76,56,57,58,58,60,63,53,57,63,58,53,64,56,60,60,56,52,60,76,83,71,64,56,61,55,61,56,57,assets/players/nfl/r_keyroncrawford.webp
Jalen Davis,real,7,CB,79,79,30,Riada,178,35,93,60,91,62,60,61,58,58,68,68,66,62,68,61,64,65,59,68,68,68,61,62,69,64,58,85,86,78,84,58,67,60,assets/players/nfl/r_jalendavis.webp
Tremon Smith,real,0,CB,76,76,30,Margin,183,11,86,55,87,62,63,61,58,62,56,64,57,62,60,63,66,60,63,60,62,57,66,65,59,58,56,79,81,83,76,60,57,61,assets/players/nfl/r_tremonsmith.webp
Laremy Tunsil,real,-1,OL,74,74,32,Iberia,196,78,36,61,65,93,54,57,53,56,60,60,63,56,64,56,59,62,54,63,54,77,77,84,62,54,61,56,53,57,64,56,60,61,assets/players/nfl/r_laremytunsil.webp
"D&#x27;Andre Swift",real,3,RB,73,73,27,Margin,173,4,86,88,75,65,54,57,54,59,59,57,59,61,76,87,82,61,68,59,56,57,61,60,61,55,59,55,60,62,60,54,63,55,assets/players/nfl/r_dandreswift.webp
Shy Tuttle,real,3,DL,74,74,30,Iberia,190,96,55,60,53,89,59,63,61,57,54,62,57,63,57,58,59,58,58,64,61,63,58,63,82,72,64,54,58,57,64,62,56,64,assets/players/nfl/r_shytuttle.webp
DeeJay Dallas,real,-1,RB,68,68,28,Iberia,178,0,78,82,75,64,54,60,55,52,53,57,59,54,72,74,73,60,64,52,52,59,52,56,58,53,50,53,57,53,52,52,55,50,assets/players/nfl/r_deejaydallas.webp
Tre Brown,real,-1,CB,72,72,29,Tamago,178,30,88,61,85,59,56,53,57,62,61,56,60,61,56,58,54,63,61,62,61,60,59,53,52,53,56,75,75,77,69,53,53,63,assets/players/nfl/r_trebrown.webp
Jonathan Jones,real,0,CB,70,70,33,Skote,178,31,79,59,83,54,61,54,57,55,53,62,59,56,59,54,52,55,61,50,56,51,54,52,51,61,50,72,73,72,74,53,55,50,assets/players/nfl/r_jonathanjones.webp
Amari Gainer,real,-1,LB,71,73,26,Tamago,190,0,66,62,52,73,81,59,62,57,57,53,58,54,55,58,59,58,61,56,52,57,61,56,66,77,82,51,59,52,55,61,62,51,assets/players/nfl/r_amarigainer.webp
Ronnie Stanley,real,0,OL,76,76,32,Tamago,198,79,32,57,65,86,65,66,62,59,56,64,55,65,62,66,63,56,65,56,64,86,83,82,56,63,66,66,60,62,64,57,58,62,assets/players/nfl/r_ronniestanley.webp
Greg Dortch,real,-1,WR,68,68,28,Peronia,170,0,86,74,76,50,51,60,49,58,53,50,58,51,58,58,53,76,72,74,61,59,57,59,51,51,57,60,49,50,56,56,57,54,assets/players/nfl/r_gregdortch.webp
Patrick Ricard,real,0,RB,73,73,32,Riada,190,45,70,73,88,76,54,58,60,60,52,56,64,62,79,93,82,55,63,61,61,59,59,59,57,63,60,55,58,54,54,58,61,60,assets/players/nfl/r_patrickricard.webp
Cody Lindenberg,real,2,LB,76,81,24,Skote,188,55,70,61,55,79,79,64,58,63,57,61,58,62,55,58,58,55,65,62,60,55,58,65,69,85,90,63,60,66,61,56,60,57,assets/players/nfl/r_codylindenberg.webp
Quenton Nelson,real,1,OL,76,76,30,Peronia,196,56,34,62,58,95,58,65,58,66,58,65,61,65,64,64,58,59,61,57,62,83,82,81,59,63,62,55,61,62,60,59,59,55,assets/players/nfl/r_quentonnelson.webp
Zaire Franklin,real,4,LB,77,77,30,Magayanes,183,44,78,57,55,80,79,56,60,56,64,58,62,57,62,59,61,60,67,59,66,63,63,57,72,85,89,57,64,64,65,64,56,57,assets/players/nfl/r_zairefranklin.webp
James Houston,real,6,LB,76,76,27,Iberia,185,41,75,55,60,77,86,56,57,57,56,62,56,57,60,66,65,60,64,60,55,64,62,59,71,84,83,57,63,55,61,59,61,63,assets/players/nfl/r_jameshouston.webp
Mike Hughes,real,6,CB,74,74,29,Overmark,178,21,83,64,85,63,53,55,57,58,59,64,64,55,56,62,59,56,62,63,64,61,60,59,57,59,62,82,76,77,78,60,56,64,assets/players/nfl/r_mikehughes.webp
Grady Jarrett,real,5,DL,72,72,33,Melonia,185,50,57,58,52,82,59,61,63,62,62,63,53,56,58,58,55,52,57,63,57,58,52,53,76,80,61,55,59,55,59,60,52,54,assets/players/nfl/r_gradyjarrett.webp
Jonnu Smith,real,4,TE,75,75,31,Skote,190,18,72,64,57,74,61,64,63,60,54,64,55,55,57,58,61,74,81,62,85,59,73,64,64,62,55,62,58,64,62,56,56,56,assets/players/nfl/r_jonnusmith.webp
Devin White,real,0,LB,75,75,28,Riada,183,45,73,59,57,74,79,57,54,56,55,64,59,66,61,58,58,65,65,62,55,55,54,61,73,80,87,65,65,55,55,60,62,63,assets/players/nfl/r_devinwhite.webp
Tommy DeVito,real,-1,QB,69,69,28,Kaigam,188,16,53,56,59,53,74,73,78,74,61,50,75,64,60,51,55,54,54,53,49,50,57,60,56,56,50,51,58,55,54,50,50,50,assets/players/nfl/r_tommydevito.webp
Zack Baun,real,7,LB,73,73,29,Magayanes,190,53,78,63,58,73,71,60,58,60,58,55,58,54,57,57,63,55,56,60,54,64,52,54,68,80,83,63,52,53,54,57,59,54,assets/players/nfl/r_zackbaun.webp
Mike Gesicki,real,0,TE,76,76,30,Iberia,198,88,76,62,58,81,56,57,63,61,57,56,57,64,62,55,60,73,79,63,84,58,70,66,65,64,65,57,64,57,56,59,65,59,assets/players/nfl/r_mikegesicki.webp
Derwin James,real,7,S,77,77,30,Overmark,188,3,86,64,59,68,87,57,66,57,66,63,62,67,66,60,61,59,59,57,64,60,65,66,61,82,60,66,85,86,59,92,66,65,assets/players/nfl/r_derwinjames.webp
"Brian O&#x27;Neill",real,3,OL,73,73,31,Margin,201,75,37,53,56,83,55,62,61,59,62,64,60,60,54,61,60,63,57,63,59,78,82,80,62,55,61,55,62,56,61,63,59,56,assets/players/nfl/r_brianoneill.webp
Sonny Styles,real,2,LB,72,80,21,Magayanes,196,52,69,54,58,71,76,62,53,56,56,60,58,62,56,60,56,55,54,54,62,62,63,52,66,84,85,59,51,52,54,62,63,53,assets/players/nfl/r_sonnystyles.webp
Charles Omenihu,real,4,DL,73,73,29,Iberia,196,90,59,64,52,88,57,57,56,61,58,57,59,61,58,58,64,53,54,58,62,55,58,57,79,71,63,61,57,58,52,55,56,60,assets/players/nfl/r_charlesomenihu.webp
Zamir White,real,-1,RB,68,68,27,Melonia,180,0,73,81,81,70,49,50,59,51,58,52,56,54,71,76,71,49,62,57,51,50,52,49,58,56,51,48,55,58,59,57,55,58,assets/players/nfl/r_zamirwhite.webp
L.J. Collier,real,2,DL,76,76,31,Skote,188,91,61,56,61,89,63,58,64,57,66,55,56,57,59,60,58,59,55,63,64,63,59,57,82,77,64,56,65,55,65,61,55,66,assets/players/nfl/r_ljcollier.webp
Byron Murphy,real,3,CB,72,72,28,Kaigam,180,7,91,54,81,53,62,62,55,62,60,54,57,53,62,59,55,51,60,58,60,54,56,59,57,53,58,77,73,74,72,58,58,56,assets/players/nfl/r_byronmurphy.webp
Kyle Dugger,real,2,S,78,78,30,Margin,185,29,84,63,56,58,85,56,58,63,60,63,62,66,66,64,60,65,65,63,65,68,61,65,58,84,65,67,86,89,65,94,66,67,assets/players/nfl/r_kyledugger.webp
Oren Burks,real,4,LB,72,72,31,Melonia,190,42,69,54,54,75,76,59,59,60,63,52,52,59,58,60,53,62,52,55,56,56,52,54,67,83,78,58,55,58,59,58,55,55,assets/players/nfl/r_orenburks.webp
"Aidan O&#x27;Connell",real,-1,QB,70,70,28,Iberia,190,12,45,59,61,59,77,74,76,75,65,53,71,66,54,60,52,60,60,56,51,53,51,54,54,53,58,54,53,58,59,51,59,54,assets/players/nfl/r_aidanoconnell.webp
Stephen Carlson,real,-1,TE,70,70,29,Margin,193,88,66,57,60,75,59,58,59,62,60,61,57,61,56,55,57,66,78,57,74,56,67,61,57,53,50,61,59,51,59,50,61,50,assets/players/nfl/r_stephencarlson.webp
Dante Fowler Jr.,real,3,DL,70,70,32,Iberia,190,56,57,50,62,73,53,52,59,51,54,52,57,61,58,56,51,51,55,57,51,61,51,60,76,76,65,50,54,58,55,50,50,60,assets/players/nfl/r_dantefowler.webp
Tim Settle,real,4,DL,74,74,29,Riada,190,97,53,55,55,88,63,59,61,62,55,65,59,58,65,62,56,64,62,59,62,55,61,64,75,80,70,57,56,61,63,55,64,62,assets/players/nfl/r_timsettle.webp
Jeremy Reaves,real,3,S,74,74,30,Melonia,180,39,80,62,54,64,85,58,62,64,64,63,58,64,63,60,64,61,61,60,55,60,59,59,57,73,55,61,82,81,54,92,65,54,assets/players/nfl/r_jeremyreaves.webp
Andrew Wylie,real,6,OL,78,78,32,Iberia,196,71,41,62,64,90,66,65,67,66,58,66,63,62,67,63,64,58,66,61,65,90,82,82,57,57,57,64,58,65,60,61,65,66,assets/players/nfl/r_andrewwylie.webp
Thomas Hennessy,real,7,OL,75,75,32,Magayanes,188,42,37,56,54,74,59,57,58,66,58,56,57,55,57,55,58,61,54,65,59,84,86,88,58,57,54,59,56,54,64,57,60,54,assets/players/nfl/r_thomashennessy.webp
Elijah Wilkinson,real,4,OL,75,75,31,Kaigam,198,65,36,64,55,90,65,59,62,55,65,56,64,59,64,65,58,58,63,58,58,81,78,88,65,54,64,58,58,64,62,54,55,56,assets/players/nfl/r_elijahwilkinson.webp
Kentavius Street,real,0,DL,74,74,30,Iberia,188,93,52,55,56,86,59,61,62,57,54,54,58,56,55,63,57,64,57,53,64,57,56,63,82,78,64,60,62,60,59,59,64,55,assets/players/nfl/r_kentaviusstreet.webp
George Odum,real,-1,S,70,70,32,Kaigam,185,0,74,54,59,56,81,56,56,61,56,57,61,53,51,57,56,58,64,59,56,51,53,51,55,68,55,53,72,82,60,83,61,51,assets/players/nfl/r_georgeodum.webp
Benjamin St-Juste,real,4,CB,70,70,29,Overmark,190,21,80,51,78,54,53,53,50,59,61,55,57,61,62,54,58,52,59,59,59,54,52,61,56,53,57,73,75,80,68,55,51,50,assets/players/nfl/r_benjaminstjuste.webp
B.J. Hill,real,0,DL,70,70,31,Peronia,190,92,49,56,60,86,61,61,51,58,61,60,51,52,61,57,56,51,56,53,61,50,56,55,70,76,63,56,51,52,61,61,52,60,assets/players/nfl/r_bjhill.webp
Colston Loveland,real,-1,TE,71,79,22,Melonia,198,84,65,52,56,71,58,53,53,55,51,55,58,55,61,55,57,71,80,53,74,54,75,55,56,54,51,53,59,59,56,54,58,62,assets/players/nfl/r_colstonloveland.webp
Chuck Clark,real,4,S,74,74,31,Iberia,183,36,83,54,62,65,78,53,60,62,64,62,55,64,58,63,58,63,64,62,61,53,57,62,65,73,55,55,83,83,60,89,55,57,assets/players/nfl/r_chuckclark.webp
Jason Sanders,real,-1,K,73,73,30,Kaigam,180,19,53,61,59,61,63,59,52,61,59,60,64,62,53,54,54,55,64,55,53,53,57,54,53,61,58,59,63,62,55,58,79,80,assets/players/nfl/r_jasonsanders.webp
Trey Smith,real,4,OL,74,74,27,Peronia,198,65,33,54,61,85,55,64,56,56,59,59,61,59,64,57,64,55,62,64,63,84,78,82,55,54,54,58,65,54,63,60,58,65,assets/players/nfl/r_treysmith.webp
Charvarius Ward,real,5,CB,68,68,30,Riada,185,7,80,52,80,53,59,55,49,51,53,50,57,57,56,58,51,54,59,56,57,53,50,48,51,56,59,73,71,66,73,50,51,58,assets/players/nfl/r_charvariusward.webp
Dennis Gardeck,real,5,LB,71,71,32,Riada,183,47,70,61,56,75,79,60,62,60,59,55,62,60,54,62,57,55,52,52,52,56,55,57,65,78,79,51,53,50,52,62,58,57,assets/players/nfl/r_dennisgardeck.webp
Fred Johnson,real,0,OL,72,72,29,Tamago,201,74,37,53,52,84,63,53,59,53,61,56,60,55,56,62,62,58,59,54,55,81,75,78,52,52,54,61,61,57,63,56,54,52,assets/players/nfl/r_fredjohnson.webp
Miles Killebrew,real,5,S,74,74,33,Magayanes,188,29,82,57,65,59,83,63,63,61,53,61,64,53,53,58,58,64,63,55,59,62,54,55,56,75,54,64,80,81,55,88,62,61,assets/players/nfl/r_mileskillebrew.webp
Decamerion Richardson,real,-1,CB,68,70,25,Melonia,188,0,81,58,74,53,58,59,60,58,59,59,57,52,49,52,49,54,63,57,58,50,49,50,49,49,60,68,71,72,74,53,56,59,assets/players/nfl/r_decamerionrichardson.webp
Marquise Brown,real,-1,WR,69,69,29,Melonia,175,0,90,84,76,56,59,49,60,57,54,55,53,59,60,51,58,72,72,73,61,59,49,60,59,56,58,61,57,53,56,50,55,52,assets/players/nfl/r_marquisebrown.webp
Vita Vea,real,1,DL,72,72,31,Riada,193,50,45,57,58,92,54,54,61,57,56,60,57,57,62,62,55,56,59,52,52,60,53,53,78,71,60,54,57,52,57,54,62,53,assets/players/nfl/r_vitavea.webp
Xavier Woods,real,0,S,71,71,31,Tamago,180,32,79,55,54,57,77,54,54,56,54,57,61,59,60,53,60,51,59,57,53,51,61,60,57,72,55,55,80,78,53,88,58,62,assets/players/nfl/r_xavierwoods.webp
Marquez Valdes-Scantling,real,-1,WR,71,71,31,Peronia,193,0,82,79,78,62,61,57,53,52,62,55,56,52,54,61,60,85,82,72,63,59,51,51,54,54,62,60,53,56,59,62,57,60,assets/players/nfl/r_marquezvaldesscantling.webp
Michael Dickson,real,7,P,77,77,30,Riada,188,4,56,66,66,60,57,62,65,64,56,64,57,57,56,61,61,67,57,58,57,57,64,59,67,59,63,65,60,65,65,64,84,78,assets/players/nfl/r_michaeldickson.webp
Krys Barnes,real,-1,LB,70,70,28,Peronia,188,0,73,60,57,71,72,54,53,58,57,60,58,58,62,62,52,59,56,57,57,56,51,50,68,75,78,54,56,50,59,50,51,59,assets/players/nfl/r_krysbarnes.webp
Pharaoh Brown,real,-1,TE,69,69,32,Tamago,196,49,71,57,55,66,60,49,57,50,55,60,59,54,52,56,58,66,78,57,72,52,70,54,56,50,55,56,54,57,51,54,51,59,assets/players/nfl/r_pharaohbrown.webp
Siran Neal,real,6,S,74,74,32,Margin,183,33,76,55,62,63,80,62,56,60,59,55,64,59,63,56,61,54,68,59,64,62,59,55,63,81,64,65,77,84,63,90,57,54,assets/players/nfl/r_siranneal.webp
Jalen Milroe,real,-1,QB,71,76,23,Magayanes,188,6,50,60,58,51,72,76,82,73,63,56,78,63,58,51,59,62,58,56,60,57,52,61,53,60,54,56,51,61,56,52,51,60,assets/players/nfl/r_jalenmilroe.webp
Jake Elliott,real,7,K,74,74,31,Iberia,175,4,60,62,61,65,55,53,64,54,58,62,56,55,63,64,55,61,54,54,58,55,59,54,64,64,60,53,64,63,64,60,82,79,assets/players/nfl/r_jakeelliott.webp
Quincy Williams,real,3,LB,68,68,30,Melonia,180,5,63,53,52,73,76,49,58,52,49,59,53,49,56,58,55,59,57,57,55,56,52,49,68,75,72,48,49,58,54,58,56,55,assets/players/nfl/r_quincywilliams.webp
Chukwuma Okorafor,real,2,OL,72,72,29,Iberia,198,79,34,57,52,89,57,61,54,58,58,56,62,58,63,60,54,56,53,56,60,83,74,76,63,60,61,54,62,60,53,59,56,58,assets/players/nfl/r_chukwumaokorafor.webp
Jake Matthews,real,7,OL,74,74,34,Iberia,196,70,36,63,63,86,62,59,53,53,59,53,59,59,56,63,62,55,59,63,64,78,82,85,54,61,56,62,64,63,58,57,54,54,assets/players/nfl/r_jakematthews.webp
Bryan Cook,real,2,S,73,73,27,Kaigam,185,6,85,54,64,54,81,62,61,52,60,55,64,62,56,53,60,55,68,56,58,55,54,56,63,71,53,55,80,79,57,84,56,52,assets/players/nfl/r_bryancook.webp
Isaiah Oliver,real,-1,S,71,71,29,Overmark,183,0,82,53,62,55,79,57,51,58,52,57,52,59,62,52,60,58,61,58,61,61,59,62,59,79,52,62,72,72,57,84,62,55,assets/players/nfl/r_isaiaholiver.webp
Matt Pryor,real,-1,OL,71,71,31,Skote,201,76,33,52,61,88,57,60,60,59,58,55,59,52,51,62,54,62,54,51,56,73,76,79,52,55,52,60,54,56,55,61,60,59,assets/players/nfl/r_mattpryor.webp
Chase McLaughlin,real,1,K,73,73,30,Iberia,183,4,62,53,62,62,56,55,52,56,54,63,55,56,63,57,55,55,57,53,58,61,56,53,64,59,56,60,63,56,54,62,80,79,assets/players/nfl/r_chasemclaughlin.webp
Andrew Van Ginkel,real,3,LB,71,71,31,Overmark,193,43,65,61,55,77,76,55,54,55,60,60,55,59,55,58,61,55,55,61,53,62,51,59,65,75,86,55,60,54,62,51,61,59,assets/players/nfl/r_andrewvanginkel.webp
Tavierre Thomas,real,-1,S,72,72,30,Melonia,178,37,80,53,53,60,77,53,59,60,57,52,56,57,56,62,55,61,61,57,51,58,58,54,61,81,51,56,75,82,60,83,59,57,assets/players/nfl/r_tavierrethomas.webp
Tyler Shough,real,-1,QB,70,72,26,Tamago,196,6,54,59,56,53,74,82,82,70,62,56,70,62,53,60,59,53,60,52,50,56,56,54,57,58,51,59,57,55,60,55,51,52,assets/players/nfl/r_tylershough.webp
C.J. Gardner-Johnson,real,1,S,70,70,28,Margin,180,22,81,51,58,54,84,55,50,60,52,59,52,55,58,52,59,52,62,51,56,57,60,61,58,74,59,58,73,73,61,81,56,59,assets/players/nfl/r_chaunceygardnerjohnson.webp
Caleb Murphy,real,-1,LB,70,72,26,Skote,190,0,72,54,57,69,71,59,51,53,59,57,57,57,56,52,50,60,61,58,55,59,55,60,67,77,82,60,59,53,50,59,53,51,assets/players/nfl/r_calebmurphy.webp
Justin Skule,real,5,OL,70,70,29,Overmark,198,77,30,58,54,82,57,50,52,55,51,50,54,53,55,59,59,56,55,60,60,76,73,81,53,58,61,56,56,56,57,51,58,55,assets/players/nfl/r_justinskule.webp
Will Campbell,real,6,OL,75,83,22,Riada,198,66,34,56,62,87,56,62,59,61,55,55,58,65,55,62,60,54,62,58,59,82,82,84,64,60,58,55,65,65,58,64,65,63,assets/players/nfl/r_willcampbell.webp
Leo Chenal,real,7,LB,70,72,25,Peronia,190,54,71,53,54,70,68,51,56,51,59,53,51,61,57,58,52,53,58,61,57,50,60,58,68,80,78,51,52,61,59,61,61,56,assets/players/nfl/r_leochenal.webp
Poona Ford,real,5,DL,73,73,30,Tamago,180,97,60,57,56,89,56,62,55,53,58,56,59,59,53,55,59,54,57,62,54,59,61,63,74,74,63,57,54,56,59,62,62,55,assets/players/nfl/r_poonaford.webp
Tyler Warren,real,6,TE,73,78,24,Tamago,198,84,66,56,61,68,59,58,57,57,63,61,64,55,53,55,55,74,82,55,84,57,70,61,61,56,62,61,52,60,62,56,61,64,assets/players/nfl/r_tylerwarren.webp
Irvin Charles,real,-1,WR,66,66,29,Magayanes,193,85,73,77,77,57,49,47,56,53,47,57,53,47,51,47,51,78,69,74,57,47,56,56,50,56,48,58,56,50,51,51,51,56,assets/players/nfl/r_irvincharles.webp
Tyler Conklin,real,-1,TE,69,69,31,Magayanes,190,83,68,59,52,71,54,58,54,50,59,51,54,54,52,55,56,71,71,60,73,52,69,54,54,59,58,54,59,50,57,54,59,52,assets/players/nfl/r_tylerconklin.webp
Trent Sieg,real,1,OL,73,73,31,Tamago,193,44,36,64,60,81,53,52,53,59,52,57,64,52,60,63,61,59,58,62,59,82,79,81,60,63,63,59,57,53,61,58,60,58,assets/players/nfl/r_trentsieg.webp
Ryan Wright,real,1,P,74,76,26,Overmark,190,17,59,62,63,53,55,59,65,64,59,63,60,60,63,64,62,57,56,64,63,57,59,56,56,54,64,62,64,61,61,64,79,77,assets/players/nfl/r_ryanwright.webp
Garrett Bradbury,real,0,OL,73,73,31,Skote,190,67,36,54,55,83,57,54,64,62,56,63,53,54,60,64,64,64,63,61,62,78,81,82,54,53,59,59,57,60,55,61,57,62,assets/players/nfl/r_garrettbradbury.webp
Jake Bailey,real,3,P,72,72,29,Peronia,188,16,56,56,60,60,51,60,56,60,62,58,61,56,57,54,62,52,63,58,52,62,62,52,55,61,56,57,52,59,56,52,74,77,assets/players/nfl/r_jakebailey.webp
D.J. Jones,real,3,DL,71,71,31,Overmark,183,93,55,51,60,85,53,51,56,59,52,53,58,56,52,55,60,51,57,57,57,57,57,51,74,73,62,54,56,56,52,51,60,61,assets/players/nfl/r_djjones.webp
Chris Moore,real,6,WR,68,68,33,Peronia,185,17,78,78,77,54,53,51,52,49,49,52,50,56,55,56,59,75,78,70,64,54,56,56,49,59,50,58,48,51,50,53,49,58,assets/players/nfl/r_chrismoore.webp
Shedeur Sanders,real,-1,QB,66,71,24,Riada,188,2,47,57,58,54,64,77,77,69,64,54,66,60,54,48,52,50,54,57,52,58,50,57,58,47,48,48,51,48,57,58,58,49,assets/players/nfl/r_shedeursanders.webp
Jahmyr Gibbs,real,-1,RB,65,70,24,Peronia,175,0,72,78,72,62,50,51,55,49,52,49,46,53,67,74,72,48,61,50,54,51,57,50,48,57,50,48,56,48,49,56,56,56,assets/players/nfl/r_jahmyrgibbs.webp
Nick Scott,real,3,S,69,69,31,Iberia,180,21,76,52,50,54,75,55,57,57,55,61,52,56,49,49,61,56,64,50,50,57,53,52,50,67,52,58,79,74,58,79,57,56,assets/players/nfl/r_nickscott.webp
Erik McCoy,real,3,OL,70,70,29,Skote,193,78,37,57,58,78,56,60,54,52,51,51,50,57,53,52,60,52,58,61,53,78,74,79,52,52,60,58,59,57,50,54,60,51,assets/players/nfl/r_erikmccoy.webp
Blake Brandel,real,7,OL,69,69,29,Tamago,201,64,30,52,54,78,59,50,55,58,50,55,59,54,57,60,49,51,60,59,54,75,77,79,57,58,51,52,53,60,60,50,53,52,assets/players/nfl/r_blakebrandel.webp
Mike McGlinchey,real,7,OL,68,68,31,Melonia,203,69,30,57,49,77,51,53,57,57,55,57,50,59,51,53,58,55,48,59,54,80,71,73,55,53,55,60,57,53,51,50,52,59,assets/players/nfl/r_mikemcglinchey.webp
Ezra Cleveland,real,6,OL,73,73,28,Skote,198,76,30,60,60,91,53,61,59,61,61,55,59,58,53,59,63,53,56,56,63,80,76,82,61,55,56,61,64,58,64,59,58,62,assets/players/nfl/r_ezracleveland.webp
Eric Wilson,real,7,LB,72,72,32,Melonia,185,55,77,56,56,71,73,58,56,63,54,53,60,54,57,63,56,59,60,56,56,56,56,61,67,77,86,54,59,60,62,63,54,57,assets/players/nfl/r_ericwilson.webp
Sean Clifford,real,-1,QB,67,67,28,Magayanes,188,4,49,53,55,53,71,79,76,67,58,49,71,56,55,51,59,59,56,53,57,54,58,55,50,57,48,48,52,58,49,58,58,56,assets/players/nfl/r_seanclifford.webp
Rashee Rice,real,0,WR,70,72,26,Riada,185,4,83,78,81,54,50,60,54,58,51,55,55,50,50,54,55,76,79,75,67,59,52,61,62,59,50,55,58,56,53,57,51,51,assets/players/nfl/r_rasheerice.webp
Josh Oliver,real,-1,TE,71,71,29,Tamago,196,84,66,55,52,76,52,52,55,60,53,53,61,62,58,61,61,65,74,59,83,60,72,61,60,52,62,58,52,53,62,57,52,59,assets/players/nfl/r_josholiver.webp
Isaac Seumalo,real,2,OL,68,68,32,Iberia,193,73,30,49,55,77,51,51,55,49,52,57,60,51,49,54,59,56,52,50,54,73,77,78,60,57,52,56,54,58,49,55,53,56,assets/players/nfl/r_isaacseumalo.webp
Evan Brown,real,5,OL,73,73,30,Melonia,190,63,36,62,53,88,63,61,54,53,61,53,53,64,63,58,60,59,52,56,52,76,81,81,58,58,53,54,52,61,56,60,60,61,assets/players/nfl/r_evanbrown.webp
Reed Blankenship,real,-1,S,67,67,27,Melonia,185,6,79,48,52,50,73,59,48,51,50,48,59,50,54,54,53,55,57,49,51,57,51,49,47,68,54,48,74,75,57,80,54,55,assets/players/nfl/r_reedblankenship.webp
Wyatt Milum,real,1,OL,72,77,23,Kaigam,198,64,31,57,60,81,62,54,54,60,52,62,62,59,58,57,57,58,56,60,61,81,76,83,56,52,56,57,62,54,54,57,56,63,assets/players/nfl/r_wyattmilum.webp
Marcus Davenport,real,-1,DL,69,69,30,Margin,198,52,54,55,55,71,54,55,52,59,51,51,54,50,49,56,50,53,57,60,58,54,60,50,72,76,67,50,59,59,59,52,56,58,assets/players/nfl/r_marcusdavenport.webp
Quay Walker,real,6,LB,72,74,26,Melonia,193,7,67,58,55,77,78,54,54,51,54,61,59,61,52,53,54,63,52,63,58,54,60,53,68,82,76,60,58,59,58,56,53,62,assets/players/nfl/r_quaywalker.webp
Cooper Rush,real,-1,QB,68,68,32,Magayanes,190,13,49,60,54,59,73,73,72,74,63,56,72,62,51,52,56,59,56,59,56,58,57,49,55,52,49,51,60,50,55,48,57,55,assets/players/nfl/r_cooperrush.webp
"L&#x27;Jarius Sneed",real,3,CB,68,68,29,Skote,185,38,81,49,74,55,52,55,48,57,52,60,57,54,50,51,49,48,53,58,59,57,53,49,57,56,51,79,70,74,67,55,54,57,assets/players/nfl/r_ljariussneed.webp
Fernando Mendoza,real,-1,QB,68,76,22,Riada,196,15,44,54,56,58,67,72,80,71,66,47,73,59,51,51,60,51,50,59,54,49,55,49,49,57,51,51,54,55,53,54,58,54,assets/players/nfl/r_fernandomendoza.webp
Jordan Davis,real,-1,DL,68,70,26,Kaigam,198,90,48,56,49,84,51,52,52,55,59,55,60,54,57,51,53,58,49,50,55,57,59,52,75,62,60,50,49,56,48,54,56,59,assets/players/nfl/r_jordandavis.webp
K.J. Osborn,real,-1,WR,67,67,29,Riada,180,8,82,77,72,50,54,56,56,49,49,55,49,51,56,55,58,78,71,72,61,57,50,49,55,56,49,56,52,58,49,51,59,50,assets/players/nfl/r_kjosborn.webp
Uchenna Nwosu,real,-1,DL,68,68,29,Peronia,188,7,56,54,59,75,60,55,57,50,58,50,55,51,53,55,54,54,58,53,49,48,59,52,72,72,62,54,50,57,59,57,53,49,assets/players/nfl/r_uchennanwosu.webp
Zach Sieler,real,0,DL,73,73,31,Peronia,198,92,52,55,53,83,52,64,58,52,59,63,53,54,63,58,56,64,63,56,57,62,60,52,82,74,66,64,60,57,56,64,54,55,assets/players/nfl/r_zachsieler.webp
Hunter Henry,real,5,TE,71,71,31,Magayanes,196,85,70,53,54,71,59,59,54,62,54,60,56,59,57,51,57,69,73,60,78,53,75,53,60,55,52,60,57,58,58,51,52,53,assets/players/nfl/r_hunterhenry.webp
J.J. McCarthy,real,-1,QB,67,72,23,Overmark,190,9,53,53,49,56,70,71,74,71,62,54,73,57,53,58,50,59,58,55,54,57,56,57,51,56,53,51,50,49,58,52,52,55,assets/players/nfl/r_jjmccarthy.webp
Josh Sweat,real,1,DL,70,70,29,Margin,196,10,63,55,52,80,58,52,61,55,60,56,50,53,61,50,58,60,52,58,52,61,50,56,73,71,64,58,60,59,53,60,53,50,assets/players/nfl/r_joshsweat.webp
Paris Johnson Jr.,real,5,OL,68,70,25,Margin,198,70,34,54,58,77,52,59,60,56,50,50,57,57,51,49,50,52,48,52,54,78,68,81,58,48,60,53,54,59,58,57,53,58,assets/players/nfl/r_parisjohnsonjr.webp
Clelin Ferrell,real,-1,DL,64,64,29,Skote,193,98,55,55,54,72,56,50,55,52,56,52,48,47,46,50,46,47,54,53,47,53,47,51,67,67,58,55,45,46,51,57,48,53,assets/players/nfl/r_clelinferrell.webp
Brittain Brown,real,-1,RB,65,65,28,Tamago,185,38,77,77,72,61,49,54,53,51,57,47,53,46,68,76,67,57,58,56,52,54,54,55,50,55,55,47,55,57,51,52,54,58,assets/players/nfl/r_brittainbrown.webp
Xavier Worthy,real,2,WR,67,72,23,Magayanes,180,1,85,75,76,51,50,50,55,58,55,57,52,59,57,51,56,73,73,72,61,51,50,56,55,51,48,48,50,48,51,57,58,54,assets/players/nfl/r_xavierworthy.webp
Jaylen Waddle,real,2,WR,72,72,27,Melonia,178,17,92,79,81,50,55,54,57,58,58,59,58,54,58,54,55,85,77,70,65,54,55,59,61,55,55,62,62,57,57,63,57,57,assets/players/nfl/r_jaylenwaddle.webp
Trikweze Bridges,real,-1,S,64,66,26,Kaigam,188,0,77,47,50,49,67,52,51,52,47,49,55,49,48,51,56,50,54,52,48,48,56,51,47,65,56,56,78,69,46,73,53,48,assets/players/nfl/r_trikwezebridges.webp
Gardner Minshew,real,-1,QB,67,67,30,Kaigam,185,15,44,58,51,55,69,67,76,69,63,53,75,58,56,56,51,58,52,49,51,54,49,59,58,50,53,53,48,55,54,57,59,51,assets/players/nfl/r_gardnerminshew.webp
Rashan Gary,real,-1,DL,68,68,28,Iberia,196,7,52,53,56,79,59,59,56,52,51,52,54,49,55,52,58,58,58,58,54,57,58,54,72,69,61,48,52,58,56,50,57,57,assets/players/nfl/r_rashangary.webp
Tim Patrick,real,-1,WR,64,64,32,Skote,196,17,79,74,69,49,55,46,54,54,50,48,45,53,50,49,51,70,75,63,60,52,52,48,48,49,50,50,47,51,48,50,52,50,assets/players/nfl/r_timpatrick.webp
Joshua Dobbs,real,-1,QB,67,67,31,Margin,190,11,48,50,57,49,72,75,77,69,57,48,71,64,50,48,56,49,59,50,53,52,54,51,52,59,52,54,49,56,49,58,49,54,assets/players/nfl/r_joshuadobbs.webp
Ben Powers,real,0,OL,67,67,29,Kaigam,193,74,34,56,51,76,49,48,52,50,52,58,55,59,52,50,50,55,53,57,56,73,72,78,56,52,56,57,55,50,57,53,57,51,assets/players/nfl/r_benpowers.webp
Brandon Aiyuk,real,-1,WR,69,69,28,Skote,183,11,83,74,80,56,51,53,57,50,60,49,55,55,50,57,56,82,79,66,62,50,50,52,53,54,56,60,52,54,58,57,58,55,assets/players/nfl/r_brandonaiyuk.webp
Tyler Biadasz,real,-1,OL,65,65,28,Iberia,193,63,32,53,56,79,56,49,48,52,52,50,47,49,46,51,53,48,49,56,47,69,76,66,51,57,56,49,49,50,54,51,46,54,assets/players/nfl/r_tylerbiadasz.webp
Rayshawn Jenkins,real,-1,S,67,67,32,Skote,185,20,72,53,59,54,78,53,49,57,52,48,54,48,57,48,57,58,57,56,59,51,55,54,50,71,52,56,74,73,49,76,51,58,assets/players/nfl/r_rayshawnjenkins.webp
"Ka&#x27;imi Fairbairn",real,3,K,69,69,32,Kaigam,183,15,51,50,56,58,53,55,54,51,52,59,60,61,58,49,54,60,53,57,58,50,51,57,53,61,49,55,59,52,52,52,78,73,assets/players/nfl/r_kaimifairbairn.webp
Matt Dickerson,real,-1,DL,65,65,30,Melonia,196,93,52,49,49,75,55,49,52,47,49,55,47,53,50,46,56,52,51,49,54,53,48,49,72,64,55,57,57,53,48,52,50,51,assets/players/nfl/r_mattdickerson.webp
Kenny Pickett,real,-1,QB,70,70,28,Overmark,190,12,52,51,53,54,70,72,83,77,60,58,70,66,57,54,58,53,60,50,60,59,51,61,50,55,60,58,61,58,50,53,60,58,assets/players/nfl/r_kennypickett.webp
Roquan Smith,real,-1,LB,61,61,29,Tamago,185,0,59,53,47,66,58,44,44,54,54,47,52,50,50,44,44,53,54,52,43,49,43,54,60,68,68,53,47,45,51,53,48,48,assets/players/nfl/r_roquansmith.webp
Jalen Carter,real,-1,DL,65,67,25,Overmark,190,98,46,47,55,73,55,54,57,51,48,55,47,46,55,53,51,54,48,50,56,56,57,57,72,67,60,46,51,46,54,55,51,50,assets/players/nfl/r_jalencarter.webp
Maliek Collins,real,-1,DL,68,68,31,Melonia,188,96,51,50,59,76,52,55,53,60,51,55,55,56,53,56,56,55,52,56,49,50,54,57,75,67,65,54,54,50,56,49,53,56,assets/players/nfl/r_maliekcollins.webp
Nathan Shepherd,real,-1,DL,65,65,32,Overmark,193,93,51,52,56,72,56,52,56,51,47,48,55,50,52,57,52,53,57,50,51,57,49,47,74,62,58,46,49,47,51,56,57,47,assets/players/nfl/r_nathanshepherd.webp
M.J. Stewart,real,-1,S,63,63,31,Tamago,180,29,65,55,44,56,64,53,55,52,55,48,50,55,47,51,46,48,57,47,50,44,46,49,46,67,56,52,66,72,53,79,52,48,assets/players/nfl/r_mjstewart.webp
Jordan Meredith,real,4,OL,72,72,28,Melonia,188,67,33,63,57,84,56,53,61,54,61,58,58,59,63,62,52,58,61,62,55,82,73,81,58,62,54,52,57,58,57,60,55,60,assets/players/nfl/r_jordanmeredith.webp
Laquon Treadwell,real,3,WR,67,67,31,Riada,188,13,79,73,69,52,50,57,47,53,59,56,49,47,55,48,59,79,76,65,67,57,54,55,53,54,54,55,58,53,59,51,48,55,assets/players/nfl/r_laquontreadwell.webp
Dalvin Tomlinson,real,-1,DL,67,67,32,Overmark,190,94,40,52,52,79,58,55,58,49,56,51,57,56,52,49,55,59,51,55,49,51,51,58,73,69,62,48,55,59,52,54,57,58,assets/players/nfl/r_dalvintomlinson.webp
Calvin Throckmorton,real,-1,OL,66,66,30,Melonia,196,76,30,55,56,75,57,55,47,58,50,55,57,52,57,47,54,54,51,58,58,73,75,71,51,54,58,53,51,54,54,51,50,58,assets/players/nfl/r_calvinthrockmorton.webp
Colton McKivitz,real,1,OL,69,69,30,Magayanes,198,68,36,53,54,76,61,51,57,56,60,50,56,61,57,56,57,52,55,49,58,75,77,79,57,59,52,51,58,61,50,53,49,50,assets/players/nfl/r_coltonmckivitz.webp
"Patrick O&#x27;Connell",real,0,LB,68,68,27,Peronia,185,52,71,53,56,64,70,53,50,56,57,56,52,60,60,51,48,55,52,52,59,50,57,54,63,73,81,49,59,55,58,59,53,54,assets/players/nfl/r_patrickoconnell.webp
Chris Lindstrom,real,3,OL,68,68,29,Magayanes,193,63,31,53,60,80,52,58,54,60,58,60,53,50,55,51,53,50,50,56,57,73,72,79,52,60,53,56,58,57,52,53,59,51,assets/players/nfl/r_chrislindstrom.webp
Julian Blackmon,real,-1,S,68,68,28,Tamago,183,23,80,50,54,52,72,59,58,50,56,54,55,52,59,57,50,50,60,53,50,58,48,50,57,75,60,60,71,70,50,83,55,55,assets/players/nfl/r_julianblackmon.webp
Dylan Parham,real,4,OL,67,67,27,Skote,190,64,33,56,50,76,55,53,54,58,48,59,57,58,49,52,52,52,53,50,52,72,75,76,49,55,50,50,49,53,53,52,49,53,assets/players/nfl/r_dylanparham.webp
Chamarri Conner,real,-1,S,66,68,26,Overmark,183,27,74,54,49,55,72,48,51,55,52,54,54,58,57,51,56,54,56,48,58,55,58,58,57,69,51,53,77,70,49,78,54,47,assets/players/nfl/r_chamarriconner.webp
Troy Reeder,real,-1,LB,63,63,32,Riada,190,0,65,50,55,62,62,49,46,45,51,56,50,52,48,46,49,54,53,52,48,51,49,49,55,73,77,49,52,53,53,54,50,49,assets/players/nfl/r_troyreeder.webp
Noah Fant,real,-1,TE,66,66,28,Peronia,193,87,62,55,52,70,55,53,50,49,49,53,53,53,51,55,52,67,74,47,70,51,63,51,50,50,47,47,47,55,47,57,52,49,assets/players/nfl/r_noahfant.webp
Mason Rudolph,real,-1,QB,64,64,31,Kaigam,196,2,43,51,49,51,63,72,71,65,61,47,71,54,48,52,52,55,51,45,49,52,56,46,46,51,54,57,47,52,53,47,55,54,assets/players/nfl/r_masonrudolph.webp
Derick Hall,real,1,LB,69,71,25,Skote,190,58,61,57,52,69,74,56,57,58,56,53,60,53,56,51,57,57,59,52,55,51,60,56,67,84,77,52,60,58,52,52,57,56,assets/players/nfl/r_derickhall.webp
Isaiah Pola-Mao,real,-1,S,66,66,27,Melonia,190,20,74,52,48,51,76,54,56,54,54,54,55,52,47,51,47,55,54,50,51,49,53,50,47,65,58,51,75,72,58,77,56,55,assets/players/nfl/r_isaiahpolamao.webp
Isiah Pacheco,real,-1,RB,66,66,27,Kaigam,178,10,77,80,71,66,50,56,49,53,47,55,47,51,68,75,70,57,59,48,50,54,51,55,57,50,47,56,57,52,53,55,53,49,assets/players/nfl/r_isiahpacheco.webp
Trey Hendrickson,real,-1,DL,67,67,31,Overmark,193,91,55,50,56,72,48,53,56,58,54,59,58,52,54,54,54,49,57,51,50,47,57,48,72,75,60,57,56,48,58,51,59,56,assets/players/nfl/r_treyhendrickson.webp
Jaxson Dart,real,-1,QB,63,68,23,Melonia,188,6,48,50,52,46,69,67,73,68,53,44,66,51,48,56,55,45,50,48,49,44,52,54,46,54,55,46,48,52,50,46,47,55,assets/players/nfl/r_jaxsondart.webp
Chris Manhertz,real,-1,TE,64,64,34,Melonia,198,85,60,47,46,63,48,55,49,52,55,47,45,54,47,56,51,64,73,53,70,45,60,57,53,47,55,53,48,56,52,53,53,45,assets/players/nfl/r_chrismanhertz.webp
Nick Mullens,real,-1,QB,63,63,31,Kaigam,185,14,49,48,55,49,61,70,67,67,62,47,65,61,50,49,45,52,50,54,45,47,48,54,56,52,50,46,50,55,52,56,46,45,assets/players/nfl/r_nickmullens.webp
Harrison Phillips,real,-1,DL,66,66,30,Peronia,190,97,56,53,51,75,55,56,56,48,51,52,50,54,54,51,47,49,48,49,49,51,54,57,70,68,57,50,50,52,47,51,54,49,assets/players/nfl/r_harrisonphillips.webp
Drake Thomas,real,-1,LB,66,68,26,Tamago,180,32,62,52,58,66,66,55,57,56,55,56,50,48,53,55,50,54,54,54,58,50,49,54,64,77,78,48,57,53,55,49,54,54,assets/players/nfl/r_drakethomas.webp
Joshua Uche,real,-1,LB,65,65,28,Iberia,190,9,67,50,55,67,71,48,55,52,46,49,51,54,46,51,53,47,50,47,57,54,50,46,57,74,69,46,48,46,57,55,50,49,assets/players/nfl/r_joshuche.webp
Harold Landry III,real,-1,LB,63,63,30,Iberia,188,2,61,48,48,67,69,44,52,54,53,45,55,50,55,49,45,45,51,50,52,55,45,53,60,72,67,53,54,44,52,52,48,56,assets/players/nfl/r_haroldlandry.webp
Darius Slayton,real,-1,WR,62,62,29,Skote,185,0,73,68,67,52,54,47,52,45,46,52,51,49,52,44,52,67,74,62,60,44,53,46,54,48,49,51,48,48,51,55,45,49,assets/players/nfl/r_dariusslayton.webp
Austin Schlottmann,real,7,OL,65,65,31,Magayanes,198,51,31,54,46,75,57,47,54,48,55,51,51,48,49,56,57,46,53,53,51,69,74,73,52,48,52,47,46,51,56,57,51,52,assets/players/nfl/r_austinschlottmann.webp
Jalen Thompson,real,6,CB,68,68,28,Peronia,180,34,80,50,81,52,57,50,48,56,57,50,59,60,54,53,53,56,55,57,53,59,59,58,59,50,52,74,73,70,66,49,53,58,assets/players/nfl/r_jalenthompson.webp
Julian Love,real,-1,S,66,66,28,Margin,180,20,68,55,58,54,70,50,58,52,57,54,48,49,55,58,51,54,60,52,49,55,54,54,49,73,57,51,76,75,49,73,50,52,assets/players/nfl/r_julianlove.webp
Jaylen Watson,real,7,CB,69,69,28,Tamago,188,35,80,53,81,61,49,59,57,50,60,52,53,56,52,58,58,56,57,55,61,53,54,55,56,60,58,68,74,75,70,51,60,56,assets/players/nfl/r_jaylenwatson.webp
Chuma Edoga,real,-1,OL,64,64,29,Iberia,193,0,32,51,50,72,53,55,51,50,52,48,51,48,56,47,52,54,52,56,52,72,69,72,56,53,52,51,51,55,54,47,51,48,assets/players/nfl/r_chumaedoga.webp
Jakobi Meyers,real,0,WR,63,63,29,Kaigam,188,3,77,75,66,47,54,49,50,53,53,45,55,45,51,54,47,71,72,63,58,50,55,52,56,55,53,45,54,52,44,51,52,46,assets/players/nfl/r_jakobimeyers.webp
Sam LaPorta,real,-1,TE,66,68,25,Melonia,190,87,62,52,49,70,52,48,51,49,48,48,50,49,51,47,52,67,73,52,68,51,61,56,58,49,51,51,55,58,54,48,54,48,assets/players/nfl/r_samlaporta.webp
Bobby Hart,real,-1,OL,62,62,32,Magayanes,196,0,38,54,50,75,46,45,49,45,51,53,44,53,54,52,51,51,51,55,52,67,65,67,49,51,45,45,54,50,54,49,47,52,assets/players/nfl/r_bobbyhart.webp
"D&#x27;Angelo Ross",real,-1,CB,64,64,29,Kaigam,175,37,70,47,72,50,49,54,50,56,52,50,48,55,54,51,48,47,57,53,50,51,52,50,53,45,50,69,69,70,62,54,57,49,assets/players/nfl/r_dangeloross.webp
Ty Johnson,real,-1,RB,67,67,29,Overmark,178,26,74,80,70,59,53,57,50,58,53,51,52,54,66,82,78,49,67,59,59,56,49,52,54,48,50,52,48,56,53,52,57,56,assets/players/nfl/r_tyjohnson.webp
Cameron Johnston,real,6,P,65,65,34,Tamago,180,19,52,50,56,51,48,49,49,54,50,48,53,53,57,49,48,47,49,56,49,50,53,48,49,58,57,52,46,58,53,49,73,63,assets/players/nfl/r_cameronjohnston.webp
Quinyon Mitchell,real,1,CB,70,72,25,Tamago,183,27,87,52,82,52,57,59,59,58,52,57,61,52,55,58,52,59,58,56,59,61,55,59,51,61,50,80,67,71,70,62,50,53,assets/players/nfl/r_quinyonmitchell.webp
Alex Highsmith,real,-1,LB,66,66,29,Melonia,193,56,60,57,50,71,71,54,56,49,53,55,50,54,52,51,50,47,47,51,49,48,52,50,61,78,73,47,49,51,49,54,56,56,assets/players/nfl/r_alexhighsmith.webp
Brandin Cooks,real,-1,WR,60,60,33,Peronia,178,0,69,66,67,48,53,51,49,52,46,50,51,49,44,45,45,65,67,67,57,45,44,48,43,52,45,46,45,44,53,49,53,49,assets/players/nfl/r_brandincooks.webp
Bryce Hall,real,-1,CB,66,66,28,Peronia,185,34,83,53,74,58,56,49,56,55,54,57,53,55,57,48,47,55,54,56,54,47,51,47,48,47,50,68,69,67,71,50,53,55,assets/players/nfl/r_brycehall.webp
John Franklin-Myers,real,-1,DL,65,65,30,Skote,193,91,53,56,46,69,56,47,48,46,52,56,57,49,50,56,56,48,46,56,51,54,51,55,68,70,61,50,56,57,54,50,48,55,assets/players/nfl/r_johnfranklinmyers.webp
Jawaan Taylor,real,5,OL,64,64,28,Iberia,196,71,34,50,45,78,49,56,56,49,54,54,54,53,57,45,56,49,51,47,46,64,71,70,51,53,49,56,56,49,45,55,56,52,assets/players/nfl/r_jawaantaylor.webp
Blake Corum,real,-1,RB,67,69,25,Margin,173,24,74,79,78,64,51,54,58,57,54,55,58,58,74,76,71,51,61,53,58,50,52,49,54,57,57,51,51,51,51,55,49,49,assets/players/nfl/r_blakecorum.webp
Shaun Dolac,real,4,LB,69,71,25,Margin,185,56,75,60,51,64,70,60,55,52,59,52,49,50,49,53,56,56,54,53,56,53,53,51,66,80,78,57,54,57,59,50,50,53,assets/players/nfl/r_shaundolac.webp
Michael Burton,real,-1,RB,62,62,34,Tamago,183,34,63,70,77,61,50,49,53,48,45,53,51,47,67,69,69,47,54,45,47,48,43,55,55,51,52,46,47,47,53,49,49,55,assets/players/nfl/r_michaelburton.webp
Blake Cashman,real,-1,LB,61,61,30,Iberia,185,51,61,47,50,61,62,44,51,47,43,44,53,46,46,47,48,45,51,51,44,47,49,44,62,67,67,44,47,48,50,54,45,49,assets/players/nfl/r_blakecashman.webp
Sincere McCormick,real,-1,RB,61,63,26,Iberia,175,35,65,68,65,61,45,52,46,45,49,45,45,43,60,78,70,49,54,45,52,52,44,45,50,53,51,50,52,43,54,54,44,48,assets/players/nfl/r_sinceremccormick.webp
Mo Alie-Cox,real,-1,TE,63,63,33,Iberia,196,81,52,43,49,61,49,46,50,49,51,51,52,49,45,56,55,60,71,52,74,47,66,46,53,48,52,46,51,51,55,52,54,48,assets/players/nfl/r_moaliecox.webp
Drue Tranquill,real,-1,LB,61,61,31,Peronia,188,23,60,52,54,66,64,52,45,48,46,54,52,53,52,47,54,54,54,50,51,52,52,47,54,70,66,43,52,50,54,49,53,43,assets/players/nfl/r_druetranquill.webp
Ashton Dulin,real,6,WR,64,64,29,Riada,188,16,70,74,70,52,49,45,53,48,56,54,55,52,54,55,55,76,70,71,61,57,53,47,49,56,52,47,53,53,52,51,52,54,assets/players/nfl/r_ashtondulin.webp
Anthony Belton,real,1,OL,68,70,25,Iberia,198,71,31,49,58,79,56,59,48,54,58,52,55,55,48,59,54,58,52,52,49,73,79,73,59,54,56,52,60,60,56,50,56,52,assets/players/nfl/r_anthonybelton.webp
Elgton Jenkins,real,3,OL,64,64,30,Skote,196,74,30,50,51,75,45,57,54,55,55,47,46,52,56,53,54,47,52,48,50,72,70,68,56,55,48,51,51,57,50,56,56,51,assets/players/nfl/r_elgtonjenkins.webp
E.J. Speed,real,-1,LB,63,63,31,Tamago,193,45,62,48,47,60,68,52,47,49,56,46,54,49,49,51,46,48,52,50,54,49,47,52,62,72,68,51,46,55,47,56,55,45,assets/players/nfl/r_ejspeed.webp
Patrick Mekari,real,-1,OL,60,60,29,Riada,193,65,33,46,53,67,45,44,49,44,43,42,48,47,46,52,49,48,46,49,49,66,63,70,46,51,50,48,46,49,51,46,50,42,assets/players/nfl/r_patrickmekari.webp
Greg Gaines,real,-1,DL,64,64,30,Riada,185,97,43,48,45,81,46,50,54,55,56,48,53,46,52,49,48,46,52,56,56,48,55,47,68,65,55,53,45,49,55,56,55,48,assets/players/nfl/r_greggaines.webp
Brian Branch,real,-1,CB,65,70,24,Tamago,183,32,78,48,73,50,56,57,52,57,55,51,54,50,51,55,48,57,48,52,54,50,51,56,51,46,46,73,65,69,68,49,50,50,assets/players/nfl/r_brianbranch.webp
Shedrick Jackson,real,-1,WR,62,64,26,Riada,185,0,79,64,72,55,51,52,47,51,52,52,52,50,53,44,50,72,71,58,58,46,51,48,49,48,44,53,52,50,50,44,51,46,assets/players/nfl/r_shedrickjackson.webp
Tytus Howard,real,6,OL,66,66,30,Skote,196,71,33,48,55,83,56,48,56,47,55,55,54,50,57,51,49,50,50,49,55,68,68,78,52,50,55,58,50,48,48,53,55,51,assets/players/nfl/r_tytushoward.webp
Rakeem Nunez-Roches,real,-1,DL,63,63,33,Magayanes,188,56,45,52,49,73,51,50,49,47,46,51,54,52,51,55,48,48,48,47,46,48,55,47,65,67,59,56,52,56,51,54,45,46,assets/players/nfl/r_rakeemnunezroches.webp
Frankie Luvu,real,-1,LB,65,65,30,Melonia,190,4,66,51,49,69,69,49,48,52,54,55,54,53,57,49,57,47,55,49,52,47,57,53,55,77,69,49,54,47,55,50,53,47,assets/players/nfl/r_frankieluvu.webp
Dalton Schultz,real,-1,TE,67,67,30,Tamago,196,86,70,56,55,71,54,54,56,49,55,53,55,49,52,48,58,63,68,50,75,56,62,51,50,59,48,49,49,56,55,57,50,49,assets/players/nfl/r_daltonschultz.webp
Michael Mayer,real,-1,TE,62,64,25,Skote,193,87,61,54,46,61,47,46,44,51,50,52,44,48,48,45,53,58,68,50,68,48,65,46,45,55,51,46,47,45,48,52,54,44,assets/players/nfl/r_michaelmayer.webp
Malik Benson,real,3,WR,64,69,23,Overmark,185,19,81,68,76,46,51,50,47,47,47,56,52,51,52,54,53,71,68,64,64,51,56,53,52,45,49,53,53,48,55,50,50,46,assets/players/nfl/r_malikbenson.webp
Durham Smythe,real,-1,TE,63,63,31,Overmark,193,80,57,49,56,66,49,51,56,46,51,50,45,48,51,49,53,68,68,53,65,55,62,46,52,50,45,53,55,52,55,49,46,51,assets/players/nfl/r_durhamsmythe.webp
D.J. Reed,real,5,CB,66,66,29,Overmark,175,4,75,56,80,54,58,48,51,58,55,58,50,58,47,58,53,52,55,58,49,57,49,48,48,56,56,66,68,75,71,47,55,51,assets/players/nfl/r_djreed.webp
Corey Levin,real,5,OL,66,66,32,Margin,193,62,31,47,58,75,58,51,47,54,50,47,48,48,47,50,56,47,50,48,50,75,70,76,47,53,53,52,52,50,48,50,49,50,assets/players/nfl/r_coreylevin.webp
Cam Lampkin,real,-1,CB,59,61,25,Overmark,180,21,72,46,61,48,45,51,47,48,50,46,49,46,46,42,51,42,45,52,51,42,53,50,44,47,44,66,63,61,59,48,49,48,assets/players/nfl/r_camlampkin.webp
Kyle Allen,real,-1,QB,65,65,30,Melonia,190,11,49,52,56,57,71,75,78,63,57,48,67,61,52,56,48,46,50,50,47,49,48,50,51,49,57,48,49,50,54,46,51,49,assets/players/nfl/r_kyleallen.webp
Cam Lewis,real,4,CB,61,61,29,Iberia,175,21,66,48,75,53,45,45,47,44,52,44,54,46,52,46,46,44,50,51,43,51,45,51,44,48,52,69,66,64,58,53,54,48,assets/players/nfl/r_camlewis.webp
Malik Bradshaw,fict,7,DL,49,49,28,Kaigam,193,0,41,43,42,48,35,34,40,37,39,40,33,33,44,38,40,38,43,43,37,34,37,41,56,53,46,38,37,42,35,36,43,39,assets/players/nfl/x_nflf00000001.webp
Kyle Colombo,fict,-1,DL,67,73,23,Melonia,197,0,56,59,52,71,56,54,57,57,48,52,57,50,48,48,53,54,53,51,56,58,51,51,75,64,64,58,51,49,56,57,50,55,assets/players/nfl/x_nflf00100001.webp
Devin Reynoso,fict,2,CB,67,68,27,Magayanes,192,0,76,58,81,56,56,57,56,56,52,58,51,52,53,49,49,53,57,56,55,59,51,57,51,58,57,66,71,69,73,53,48,57,assets/players/nfl/x_nflf00200001.webp
Malik Hayes,fict,-1,DL,56,63,24,Skote,189,0,38,42,42,69,44,41,46,42,48,43,40,49,44,46,42,46,44,48,46,43,42,45,62,55,46,39,42,41,50,49,41,50,assets/players/nfl/x_nflf00300001.webp
Malik Vázquez,fict,-1,QB,59,67,21,Magayanes,193,0,36,50,51,45,59,65,65,67,59,46,60,51,49,41,51,47,49,49,43,50,44,52,50,43,52,49,50,53,48,41,46,51,assets/players/nfl/x_nflf00400001.webp
Cody Mora,fict,0,CB,67,67,25,Valurria,174,0,83,57,78,49,55,52,58,55,53,49,58,58,58,53,50,51,55,50,59,48,54,58,52,59,50,67,68,71,73,55,53,49,assets/players/nfl/x_nflf00500001.webp
Mason Tagoa,fict,-1,OL,46,59,21,Magayanes,194,0,30,36,34,54,34,40,32,32,39,35,38,42,38,31,40,39,38,42,39,48,47,55,37,37,32,33,42,32,34,32,41,40,assets/players/nfl/x_nflf00600001.webp
Cody Bell,fict,-1,QB,56,57,27,Magayanes,196,0,44,40,47,50,60,57,62,58,54,47,63,48,49,48,41,41,47,41,48,42,45,48,45,40,39,39,40,49,43,45,44,50,assets/players/nfl/x_nflf00700001.webp
Malik Beckmann,fict,-1,DL,62,63,25,Margin,190,0,54,50,49,69,54,43,54,55,45,45,46,53,44,46,54,48,48,50,55,45,48,53,65,63,60,44,47,50,50,53,48,52,assets/players/nfl/x_nflf00800001.webp
Tyler Joubert,fict,-1,QB,60,74,21,Skote,188,0,42,51,46,53,66,70,64,66,48,51,62,49,49,44,50,43,52,46,46,43,43,45,51,44,49,46,46,50,53,42,51,43,assets/players/nfl/x_nflf00900001.webp
Jamal Colin,fict,2,CB,71,71,32,Iberia,183,0,83,55,78,56,61,60,60,60,62,56,55,56,55,52,61,62,55,53,55,52,58,51,52,57,52,81,73,70,78,51,61,60,assets/players/nfl/x_nflf01000001.webp
Tua Echeverría,fict,6,RB,57,63,23,Magayanes,181,0,65,70,60,53,47,42,41,43,51,40,45,48,56,65,66,45,55,47,50,41,43,45,50,51,44,48,45,47,48,50,43,47,assets/players/nfl/x_nflf01100001.webp
Tyrese McBride,fict,7,WR,69,69,29,Kaigam,190,0,89,72,72,50,49,53,60,57,51,55,50,52,59,50,60,81,80,70,62,51,58,51,51,55,54,49,52,56,55,54,55,50,assets/players/nfl/x_nflf01200001.webp
Darius Suárez,fict,-1,OL,49,49,33,Morvicia,199,0,32,40,39,58,43,40,36,34,34,38,36,36,42,43,37,36,43,34,36,57,49,54,33,40,39,39,42,34,41,39,42,39,assets/players/nfl/x_nflf01300001.webp
Jamal Ainsley,fict,6,TE,52,56,25,Kaigam,194,0,49,46,41,52,47,42,36,37,42,40,36,39,38,37,44,53,55,44,59,45,50,44,36,43,46,43,46,38,43,37,37,41,assets/players/nfl/x_nflf01400001.webp
Kyle Ferrara,fict,-1,WR,59,59,33,Melonia,185,0,68,63,71,45,48,43,48,48,51,45,45,50,44,42,47,65,61,66,60,47,44,48,52,51,51,51,42,42,51,51,46,45,assets/players/nfl/x_nflf01500001.webp
Devin Ingram,fict,-1,DL,62,62,28,Kaigam,195,0,52,48,50,73,49,47,46,43,55,47,53,44,45,48,50,46,51,54,44,50,44,51,66,65,51,48,55,52,54,46,49,47,assets/players/nfl/x_nflf01600001.webp
Isaiah Lezcano,fict,7,DL,73,80,22,Magayanes,185,0,55,60,58,81,57,55,64,54,63,60,58,53,56,56,62,56,55,58,62,61,63,61,80,72,68,63,59,61,59,61,53,56,assets/players/nfl/x_nflf01700001.webp
Tua Nkosi,fict,6,OL,68,83,22,Skote,196,0,36,59,54,79,58,54,53,60,58,54,57,58,52,48,49,53,56,53,52,78,68,77,49,48,53,54,49,55,59,51,52,49,assets/players/nfl/x_nflf01800001.webp
Jalen Cartwright,fict,7,TE,82,82,32,Kaigam,194,0,76,67,62,78,61,68,69,65,62,70,61,67,63,63,68,82,94,60,88,61,82,63,70,64,60,67,59,64,60,60,70,71,assets/players/nfl/x_nflf01900001.webp
Trey Fabbri,fict,-1,QB,65,77,22,Melonia,187,0,46,53,53,49,72,74,73,72,54,46,65,53,49,50,48,55,54,56,50,54,51,48,52,53,57,48,53,56,50,47,47,47,assets/players/nfl/x_nflf02000001.webp
Jalen Van Wyk,fict,1,RB,53,59,22,Skote,178,0,59,63,56,50,37,46,45,41,45,48,39,43,50,64,60,42,49,45,39,40,42,45,42,41,44,44,47,45,39,39,47,37,assets/players/nfl/x_nflf02100001.webp
Marcus Eboué,fict,7,TE,58,59,25,Riada,198,0,58,49,51,59,51,48,45,48,52,50,41,41,50,50,46,59,61,44,62,48,57,48,50,41,41,47,49,44,45,44,49,49,assets/players/nfl/x_nflf02200001.webp
Jamal Xaba,fict,7,RB,53,66,21,Skote,174,0,63,56,63,46,48,48,46,48,47,47,43,40,54,62,62,43,45,37,41,45,38,44,43,40,39,38,37,45,38,44,46,47,assets/players/nfl/x_nflf02300001.webp
Isaiah Leone,fict,5,RB,57,57,30,Melonia,178,0,67,64,61,53,51,42,43,41,50,50,40,46,65,69,58,41,51,51,42,48,45,46,46,40,41,40,51,48,44,46,41,43,assets/players/nfl/x_nflf02400001.webp
Tyler Pretorius,fict,3,DL,76,76,31,Skote,193,0,59,63,58,84,63,62,64,62,59,64,65,65,55,57,65,63,55,65,61,58,55,63,87,78,65,63,60,58,64,61,65,64,assets/players/nfl/x_nflf02500001.webp
Jalen Hlongwane,fict,-1,TE,61,65,27,Skote,194,0,59,51,47,58,44,51,44,43,44,44,47,43,46,46,52,66,62,45,65,45,62,45,54,51,47,47,50,54,54,47,47,47,assets/players/nfl/x_nflf02600001.webp
Cody Silva,fict,-1,RB,60,60,30,Magayanes,180,0,71,72,64,55,53,52,47,49,53,48,49,44,61,65,65,43,60,51,50,48,50,45,46,44,51,43,51,53,46,45,42,49,assets/players/nfl/x_nflf02700001.webp
Cody Ferreira,fict,-1,DL,59,63,26,Skote,194,0,44,52,52,70,53,51,41,51,44,43,49,41,47,44,50,44,44,46,52,49,49,44,61,62,55,48,49,43,43,43,50,43,assets/players/nfl/x_nflf02800001.webp
Darius Zambo,fict,-1,TE,59,70,21,Riada,194,0,53,53,43,64,52,45,46,43,53,43,50,49,48,50,42,55,64,46,69,48,53,50,45,45,43,43,45,51,45,45,52,42,assets/players/nfl/x_nflf02900001.webp
Kyle Jiménez,fict,-1,RB,62,62,30,Valurria,177,0,76,74,69,50,46,44,53,47,44,50,44,50,64,73,68,50,55,47,45,54,52,50,48,49,50,54,47,48,52,47,50,44,assets/players/nfl/x_nfli00000001.webp
Cody Urrutia,fict,1,DL,53,53,27,Magayanes,199,0,37,37,41,62,37,38,40,40,38,44,47,40,46,37,37,36,46,41,43,39,47,36,55,56,50,42,46,40,40,42,42,46,assets/players/nfl/x_nfli00100001.webp
Brandon Thorne,fict,5,DL,48,48,28,Kaigam,187,0,34,33,40,54,39,34,35,39,35,40,34,40,44,32,34,40,36,41,44,34,34,39,49,53,49,40,43,42,39,35,37,38,assets/players/nfl/x_nfli00200001.webp
Jalen Nguema,fict,-1,DL,57,57,32,Riada,196,0,41,44,48,63,43,49,44,41,43,42,47,40,49,49,50,45,50,40,43,47,41,51,64,62,49,50,47,42,47,42,48,46,assets/players/nfl/x_nfli00300001.webp
Darius Venter,fict,-1,S,60,60,30,Skote,182,0,60,52,52,42,70,46,54,43,53,45,45,46,49,52,51,53,55,45,53,43,54,53,51,67,42,52,59,70,51,71,45,43,assets/players/nfl/x_nfli00400001.webp
Darius Sinclair,fict,-1,LB,66,66,30,Kaigam,195,0,69,49,53,65,70,47,47,55,57,51,48,47,58,58,49,50,53,57,49,56,49,55,60,76,73,47,47,53,56,55,56,54,assets/players/nfl/x_nfli00500001.webp
Jamal Graf,fict,4,RB,57,65,23,Margin,180,0,63,62,65,57,42,46,49,48,46,46,45,43,67,62,57,46,56,45,43,49,49,46,51,41,50,43,42,43,51,49,46,42,assets/players/nfl/x_nfli00600001.webp
Tyrese Visser,fict,-1,OL,49,60,22,Margin,190,0,31,37,34,53,33,38,43,42,34,39,35,41,45,44,39,36,37,33,37,54,56,53,35,40,42,37,45,33,44,34,39,34,assets/players/nfl/x_nfli00700001.webp
Mason Fraser,fict,-1,DL,59,68,22,Kaigam,200,0,53,42,51,62,48,42,43,45,43,48,51,49,51,44,49,45,41,50,48,41,45,45,61,65,58,44,49,43,47,48,50,49,assets/players/nfl/x_nfli00800001.webp
Tyrese Ndzana,fict,-1,WR,59,59,30,Riada,182,0,71,68,67,44,41,51,45,48,52,45,47,53,43,48,46,70,60,64,52,50,51,44,44,52,44,48,44,48,51,48,51,50,assets/players/nfl/x_nfli00900001.webp
Brandon Tchakounté,fict,-1,RB,67,67,32,Riada,181,0,79,72,78,59,55,48,58,55,47,48,53,51,73,77,75,55,59,57,57,49,53,52,55,58,59,51,59,51,54,58,51,55,assets/players/nfl/x_nfli01000001.webp
Brandon Ellingsen,fict,-1,RB,62,62,33,Overmark,189,0,70,73,66,66,52,43,44,55,51,53,46,44,64,70,67,47,56,49,52,50,48,46,54,49,53,55,45,55,46,47,45,47,assets/players/nfl/x_nfli01100001.webp
Brandon Manzur,fict,-1,WR,59,59,31,Morvicia,187,0,64,71,68,46,48,45,52,51,50,44,43,41,53,52,53,69,64,61,56,43,49,51,51,46,51,49,42,43,52,49,44,52,assets/players/nfl/x_nfli01200001.webp
Devin Vietto,fict,-1,OL,63,66,24,Magayanes,189,0,30,54,48,69,46,46,47,45,48,55,52,52,53,51,53,48,53,48,51,67,73,73,49,52,56,48,44,56,50,46,50,46,assets/players/nfl/x_nfli01300001.webp
Jamal Etame,fict,3,TE,75,75,32,Riada,200,0,65,58,65,75,63,65,58,60,61,55,61,64,56,65,59,77,84,65,82,64,75,56,62,57,59,58,60,60,55,63,58,59,assets/players/nfl/x_nfli01400001.webp
Brandon Kruger,fict,2,DL,54,54,31,Skote,189,0,36,42,42,64,48,48,43,43,38,48,40,40,46,37,40,42,38,38,44,46,44,48,59,59,46,39,49,43,42,43,41,49,assets/players/nfl/x_nfli01500001.webp
Cody Ben-David,fict,-1,DL,69,70,27,Netanya,193,0,53,50,51,80,49,51,52,60,59,53,53,50,54,53,56,55,55,58,59,49,53,59,78,68,60,56,55,55,60,56,60,49,assets/players/nfl/x_nfli01600001.webp
Kyle Engel,fict,-1,OL,62,77,22,Margin,194,0,31,43,46,76,53,55,54,54,53,47,44,45,44,48,55,54,48,50,51,66,65,72,47,46,48,50,46,44,52,50,49,47,assets/players/nfl/x_nfli01700001.webp
Jamal Christiansen,fict,-1,S,59,62,25,Overmark,192,0,66,51,50,52,64,44,44,44,50,50,46,50,42,47,46,46,54,47,43,53,44,51,48,58,50,45,63,62,50,74,52,43,assets/players/nfl/x_nfli01800001.webp
Darius Wandji,fict,6,LB,82,82,31,Riada,191,0,76,65,64,83,83,66,64,61,64,70,66,70,66,69,63,68,68,71,63,69,65,66,83,97,90,62,67,60,70,60,62,71,assets/players/nfl/x_nfli01900001.webp
Darius Quigley,fict,5,WR,60,60,33,Kaigam,189,0,74,63,67,50,47,50,44,44,42,52,47,51,51,44,51,69,70,62,54,51,45,43,54,51,46,47,42,52,52,51,48,47,assets/players/nfl/x_nfli02000001.webp
Jalen Foster,fict,-1,TE,68,68,33,Netanya,196,0,66,56,54,67,52,59,59,51,57,58,50,59,60,51,54,68,77,52,70,59,65,53,60,48,57,56,52,55,51,48,55,59,assets/players/nfl/x_nfli02100001.webp
Darius Fotso,fict,-1,S,68,76,24,Riada,189,0,78,50,51,53,76,53,56,49,60,55,56,54,54,54,56,50,63,49,52,52,56,52,59,68,54,56,72,67,56,83,48,55,assets/players/nfl/x_nfli02200001.webp
Devin Onana,fict,-1,QB,57,57,29,Riada,194,0,44,50,44,43,62,65,61,55,56,46,63,48,49,40,47,47,51,50,40,43,40,50,47,50,43,51,40,51,44,43,48,49,assets/players/nfl/x_nfli02300001.webp
Darius Costa,fict,-1,OL,62,62,28,Melonia,194,0,37,48,48,66,54,50,55,54,53,55,49,45,47,49,49,47,54,44,52,68,68,72,47,45,50,47,55,44,48,48,47,44,assets/players/nfl/x_nfli02400001.webp
Mason Mekongo,fict,6,DL,69,69,28,Riada,197,0,51,57,58,76,49,57,53,58,52,52,55,49,52,50,53,58,59,53,57,58,54,60,75,71,64,57,59,56,49,56,58,51,assets/players/nfl/x_nfli02500001.webp
Jalen Verón,fict,1,RB,59,66,22,Sotoa,176,0,66,72,62,54,46,42,42,53,49,51,46,46,66,71,61,43,58,41,48,51,52,42,44,47,48,45,49,44,45,45,51,46,assets/players/nfl/x_nfli02600001.webp
Darius Oakley,fict,-1,S,61,67,24,Kaigam,180,0,67,49,43,45,71,45,47,46,54,51,48,48,42,54,54,43,54,44,42,44,45,54,54,60,52,43,60,71,45,74,48,47,assets/players/nfl/x_nfli02700001.webp
Malik Hagen,fict,-1,LB,59,59,30,Overmark,185,0,64,47,50,60,59,43,46,51,47,51,52,45,46,49,48,50,47,41,52,51,50,49,52,64,71,49,49,47,43,42,48,49,assets/players/nfl/x_nfli02800001.webp
Isaiah Rosales,fict,-1,QB,56,56,29,Valurria,189,0,32,48,43,43,62,64,60,60,52,40,63,45,39,41,49,46,39,49,43,40,41,47,43,49,39,43,47,43,50,40,40,48,assets/players/nfl/x_nfli02900001.webp
Darius Mulder,fict,5,WR,56,56,31,Margin,177,0,68,67,63,38,41,45,50,50,48,50,49,46,46,50,50,60,64,58,48,41,48,46,46,42,50,40,50,43,41,41,47,39,assets/players/nfl/x_nfli03000001.webp
Jalen Owona,fict,-1,LB,52,52,33,Riada,188,0,53,45,46,57,50,36,38,46,35,45,43,38,44,43,39,37,39,45,39,46,40,44,46,58,59,36,36,35,42,43,37,43,assets/players/nfl/x_nfli03100001.webp
Trey Elizondo,fict,0,WR,52,52,29,Magayanes,187,0,65,55,57,49,36,46,41,37,47,39,42,45,45,36,37,60,57,54,48,39,38,45,42,42,42,44,42,39,40,40,41,39,assets/players/nfl/x_nfli03200001.webp
Jalen Scarpa,fict,4,S,70,70,29,Sotoa,184,0,76,51,56,59,76,53,54,58,60,51,56,53,57,58,60,60,64,59,58,55,60,61,50,74,52,50,78,77,52,77,60,56,assets/players/nfl/x_nfli03300001.webp
Trey Uzan,fict,-1,CB,58,60,27,Netanya,177,0,74,52,71,53,42,47,44,50,51,41,45,50,44,41,43,52,45,43,49,47,46,47,51,42,41,60,58,66,55,46,43,46,assets/players/nfl/x_nfli03400001.webp
Isaiah Ondoa,fict,-1,DL,65,65,30,Riada,189,0,49,54,53,71,51,54,47,57,51,47,54,51,57,49,57,55,50,47,54,58,54,57,71,66,63,55,51,55,49,50,56,47,assets/players/nfl/x_nfli03500001.webp
Darius Albornoz,fict,-1,S,62,65,23,Magayanes,183,0,65,50,51,57,73,47,51,54,44,52,44,44,50,54,48,52,50,47,45,53,53,46,45,67,45,53,69,66,54,78,45,48,assets/players/nfl/x_nfli03600001.webp
Tua Ricci,fict,4,OL,65,65,31,Peronia,192,0,37,52,47,71,51,49,54,46,52,52,51,58,56,48,54,46,49,48,56,70,74,74,53,46,57,50,57,55,52,55,55,57,assets/players/nfl/x_nfli03700001.webp
Devin Idrissi,fict,6,CB,67,70,23,Sahar,179,0,76,50,74,60,50,52,58,56,56,58,49,56,52,54,50,51,53,49,55,59,54,47,55,59,54,72,69,74,74,52,55,59,assets/players/nfl/x_nfli03800001.webp
Trey Baxter,fict,3,CB,63,63,32,Kaigam,185,0,72,52,69,52,54,51,49,53,49,54,50,53,48,55,50,49,53,53,49,50,52,47,44,52,45,66,68,62,70,46,54,53,assets/players/nfl/x_nfli03900001.webp
Brandon Ashworth,fict,-1,RB,63,72,24,Kaigam,171,0,64,69,71,65,56,49,45,45,51,49,54,55,67,72,71,45,59,53,53,52,45,46,56,55,55,52,52,48,50,56,56,56,assets/players/nfl/x_nfli04000001.webp
Kyle Roth,fict,4,S,50,51,27,Margin,194,0,51,42,36,44,57,40,37,44,43,44,41,43,41,40,44,35,44,46,40,46,39,43,43,57,36,40,56,53,38,54,42,45,assets/players/nfl/x_nfli04100001.webp
Marcus Gillespie,fict,-1,DL,60,60,33,Kaigam,193,0,53,52,52,66,52,51,48,53,46,45,52,43,48,44,46,48,51,48,48,49,50,44,63,65,55,47,43,52,42,43,51,44,assets/players/nfl/x_nfli04200001.webp
Tua Wainwright,fict,2,OL,74,80,24,Kaigam,200,0,41,54,63,85,53,59,59,56,61,60,56,63,64,62,53,56,55,64,55,80,80,85,58,56,58,53,58,57,57,59,59,60,assets/players/nfl/x_nfli04300001.webp
Tyrese Nowak,fict,0,OL,69,85,22,Margin,192,0,33,55,59,79,57,57,51,57,59,53,54,51,51,59,60,59,61,52,49,75,74,80,60,59,53,55,56,59,50,60,52,53,assets/players/nfl/x_nfli04400001.webp
Mason Bakker,fict,5,LB,67,67,32,Margin,195,0,66,49,53,69,65,51,55,50,48,52,59,55,56,48,48,49,51,50,53,49,59,57,67,79,72,52,50,49,54,58,48,53,assets/players/nfl/x_nfli04500001.webp
Isaiah Kerr,fict,6,LB,71,71,30,Kaigam,186,0,72,61,54,69,69,59,57,58,51,52,58,56,53,51,59,53,54,51,61,62,60,53,72,81,79,52,52,50,60,53,61,54,assets/players/nfl/x_nfli04600001.webp
Darius Moretti,fict,-1,RB,62,68,23,Magayanes,168,0,73,72,69,57,51,49,54,49,52,53,55,54,67,71,70,49,55,45,54,51,48,49,44,45,50,46,45,47,44,46,53,50,assets/players/nfl/x_nfli04700001.webp
Tyler Nel,fict,-1,WR,58,58,30,Skote,186,0,72,60,61,53,47,41,41,49,42,45,51,52,46,49,41,65,66,62,53,45,42,47,48,41,49,50,52,40,43,45,51,47,assets/players/nfl/x_nfli04800001.webp
Jalen Atkinson,fict,-1,RB,61,61,33,Kaigam,174,0,64,69,65,58,54,51,50,50,51,54,44,48,65,75,70,46,58,54,50,47,46,44,52,49,49,46,43,48,45,44,49,46,assets/players/nfl/x_nfli04900001.webp
Jamal Radebe,fict,-1,RB,65,65,33,Skote,176,0,73,78,67,60,49,56,54,47,55,53,51,51,63,80,77,47,60,46,46,56,56,56,56,47,52,56,51,52,52,49,55,46,assets/players/nfl/x_nfli05000001.webp
Mason McAllister,fict,4,CB,67,67,33,Kaigam,182,0,79,58,75,51,57,55,54,50,49,54,59,52,57,51,52,50,53,56,57,57,48,59,57,51,54,68,69,76,71,49,48,58,assets/players/nfl/x_nfli05100001.webp
Darius Gumede,fict,-1,LB,65,71,23,Skote,187,0,60,46,50,68,67,47,49,46,47,58,53,53,48,47,53,54,46,49,46,50,48,51,68,71,70,53,52,55,49,46,52,55,assets/players/nfl/x_nfli05200001.webp
Marcus Yates,fict,7,CB,67,67,28,Kaigam,187,0,83,50,72,53,50,58,50,50,50,57,52,58,59,54,51,48,53,57,53,55,53,47,48,50,59,76,64,74,68,52,58,55,assets/players/nfl/x_nfli05300001.webp
Tyler Guevara,fict,-1,S,57,63,23,Sotoa,193,0,59,43,40,39,59,43,45,40,44,45,46,41,43,51,40,45,50,48,51,48,48,45,41,63,45,45,63,62,40,68,46,48,assets/players/nfl/x_nfli05400001.webp
Isaiah Baumann,fict,-1,LB,55,55,28,Margin,188,0,49,46,41,56,53,41,40,42,49,50,45,45,40,48,44,42,43,38,42,48,41,41,55,65,63,41,42,48,42,41,48,41,assets/players/nfl/x_nfli05500001.webp
Marcus Valentini,fict,-1,RB,59,59,33,Melonia,179,0,59,72,68,55,53,52,41,52,49,48,44,44,61,67,63,49,58,42,50,47,44,44,49,43,47,48,48,45,50,44,47,48,assets/players/nfl/x_nfli05600001.webp
Brandon Hoffmann,fict,-1,DL,67,67,31,Margin,185,0,54,55,49,80,49,56,52,57,50,57,54,52,52,49,49,49,58,57,54,59,50,58,69,71,57,54,52,58,56,55,53,50,assets/players/nfl/x_nfli05700001.webp
Isaiah Calderón,fict,-1,WR,58,58,31,Sotoa,181,0,69,61,65,40,48,51,48,47,42,44,42,47,48,41,43,61,67,65,57,42,40,45,52,50,44,42,41,44,46,46,45,45,assets/players/nfl/x_nfli05800001.webp
Marcus Ngcobo,fict,0,OL,66,68,25,Skote,197,0,31,55,48,80,50,50,57,55,50,56,49,51,53,58,57,51,51,53,52,71,67,76,52,50,50,52,47,49,49,55,53,51,assets/players/nfl/x_nfli05900001.webp
Darius Quiroz,fict,6,S,68,70,25,Valurria,185,0,73,49,58,53,75,56,52,54,49,58,51,59,59,57,54,48,61,59,55,57,55,60,57,79,57,49,72,71,53,82,53,52,assets/players/nfl/x_nfli06000001.webp
Tyler Cornejo,fict,-1,S,65,76,21,Magayanes,191,0,79,51,48,51,69,56,47,47,46,53,54,53,55,54,49,46,55,54,54,50,58,53,50,67,52,50,73,67,46,80,52,55,assets/players/nfl/x_nfli06100001.webp
Marcus Douglas,fict,-1,QB,78,78,30,Kaigam,198,0,64,57,62,62,77,89,82,84,70,60,86,69,64,57,65,65,63,63,61,64,58,61,66,66,61,65,64,60,67,63,60,65,assets/players/nfl/x_nfli06200001.webp
Brandon Palacio,fict,5,DL,69,77,22,Magayanes,200,0,55,50,59,82,58,58,49,58,50,57,59,59,49,58,53,53,59,57,52,53,60,55,74,70,57,60,53,61,52,55,58,56,assets/players/nfl/x_nfli06300001.webp
Marcus Pearce,fict,-1,DL,68,68,31,Kaigam,200,0,56,58,49,75,49,57,55,58,59,57,51,59,60,57,57,54,58,54,53,53,57,49,75,68,61,58,55,48,56,49,52,55,assets/players/nfl/x_nfli06400001.webp
Cody Ulvestad,fict,-1,QB,69,71,27,Overmark,198,0,43,55,51,52,71,79,74,76,66,51,74,59,59,58,50,51,52,50,52,60,54,57,61,54,57,60,58,51,53,59,53,50,assets/players/nfl/x_nfli06500001.webp
Isaiah Ngassa,fict,6,DL,71,71,32,Riada,192,0,58,53,54,76,51,62,58,55,62,56,61,56,53,56,61,57,54,51,59,61,58,54,80,72,63,53,53,52,58,53,58,51,assets/players/nfl/x_nfli06600001.webp
Jalen Jennings,fict,2,RB,56,56,29,Kaigam,177,0,67,68,62,50,48,46,44,50,45,45,46,39,58,63,58,49,57,44,49,40,43,46,42,44,42,41,39,45,40,45,49,42,assets/players/nfl/x_nfli06700001.webp
Mason Haas,fict,5,RB,49,63,22,Margin,183,0,52,62,59,47,35,40,36,42,40,39,39,38,47,57,54,41,44,42,34,41,42,37,38,39,37,44,36,39,44,41,37,39,assets/players/nfl/x_nfli06800001.webp
Jamal Stanton,fict,-1,DL,63,65,26,Kaigam,188,0,44,53,47,75,55,48,48,52,48,51,50,49,45,47,52,53,46,52,50,54,52,55,69,62,56,49,52,45,51,51,53,50,assets/players/nfl/x_nfli06900001.webp
Isaiah Galeano,fict,0,RB,57,60,27,Magayanes,178,0,71,71,64,46,47,43,40,43,42,49,47,41,58,64,58,44,57,44,41,43,46,51,42,51,43,41,43,39,41,41,42,41,assets/players/nfl/x_nfli07000001.webp
Trey Thiel,fict,-1,OL,58,58,33,Margin,196,0,31,41,52,66,45,48,43,45,46,52,49,46,43,49,44,50,42,43,43,67,58,69,52,40,51,50,52,45,51,46,52,45,assets/players/nfl/x_nfli07100001.webp
Jamal Espinoza,fict,-1,LB,61,61,31,Magayanes,191,0,58,54,45,56,61,48,45,50,53,54,50,46,52,44,47,54,49,52,54,52,43,43,60,67,76,44,53,44,50,43,54,47,assets/players/nfl/x_nfli07200001.webp
Malik Lascano,fict,-1,OL,53,56,26,Valurria,198,0,30,44,48,63,44,48,46,46,37,41,40,46,42,43,40,43,45,41,45,62,54,56,38,45,46,45,45,40,45,45,46,39,assets/players/nfl/x_nfli07300001.webp
Jamal Rezende,fict,-1,TE,69,75,24,Tamago,194,0,63,55,55,72,58,53,57,53,59,52,53,52,50,54,54,71,72,57,79,53,64,58,57,55,58,58,55,60,57,52,56,56,assets/players/nfl/x_nfli07400001.webp
Mason Cowell,fict,-1,TE,60,64,26,Kaigam,200,0,56,44,50,59,53,46,42,50,43,52,52,43,51,48,48,61,71,51,64,53,55,43,46,49,46,45,52,46,42,45,50,43,assets/players/nfl/x_nfli07500001.webp
Mason Langley,fict,-1,TE,59,65,23,Kaigam,195,0,48,46,53,62,48,47,48,50,48,41,44,47,48,47,41,62,70,49,68,53,52,51,50,44,44,46,44,42,51,48,42,46,assets/players/nfl/x_nfli07600001.webp
Jalen Mthembu,fict,-1,OL,45,46,26,Skote,199,0,30,39,38,48,38,38,33,35,33,32,32,32,34,31,40,36,31,41,30,46,52,51,32,35,34,38,36,41,31,34,31,32,assets/players/nfl/x_nfli07700001.webp
Darius Villalba,fict,4,DL,70,81,22,Magayanes,199,0,53,52,56,76,58,60,50,62,55,52,60,53,53,50,51,50,53,61,51,51,58,54,74,75,66,58,58,53,56,58,58,59,assets/players/nfl/x_nfli07800001.webp
Tua Sutherland,fict,1,OL,64,79,22,Kaigam,193,0,30,49,50,80,48,45,46,56,56,52,52,54,50,50,46,49,56,46,53,67,67,74,49,46,46,46,54,48,46,53,50,45,assets/players/nfl/x_nfli07900001.webp
Cody MacLeod,fict,-1,QB,66,71,24,Kaigam,185,0,44,58,54,58,72,75,72,71,58,48,67,57,52,47,52,49,58,53,53,57,50,57,52,46,52,54,50,54,57,52,52,47,assets/players/nfl/x_nfli08000001.webp
Darius Weber,fict,2,RB,59,59,30,Margin,168,0,70,67,69,50,47,51,52,48,46,48,50,42,66,69,58,44,54,49,47,52,44,45,49,50,45,49,48,43,42,48,51,45,assets/players/nfl/x_nfli08100001.webp
Jamal Crossley,fict,-1,OL,54,61,21,Kaigam,191,0,30,45,37,55,46,42,38,38,44,41,43,41,41,42,38,43,48,38,37,57,64,64,41,39,46,43,40,38,37,45,48,46,assets/players/nfl/x_nfli08200001.webp
Brandon Dalton,fict,-1,S,56,57,25,Kaigam,188,0,61,48,46,44,62,40,50,40,40,48,43,48,44,47,39,45,47,42,50,48,49,42,47,62,45,50,59,60,42,72,50,49,assets/players/nfl/x_nfli08300001.webp
Tua Khumalo,fict,-1,LB,60,64,27,Skote,183,0,64,46,48,60,58,52,47,51,51,49,48,50,45,50,46,47,45,50,43,42,48,53,60,65,70,46,47,42,42,48,49,44,assets/players/nfl/x_nfli08400001.webp
Jamal Solano,fict,-1,S,54,54,31,Magayanes,188,0,54,41,46,48,61,45,44,41,47,48,45,42,38,38,40,44,52,44,46,46,47,44,37,58,42,47,55,63,42,61,38,45,assets/players/nfl/x_nfli08500001.webp
Mason Murillo,fict,-1,QB,66,70,26,Magayanes,191,0,41,57,58,48,71,71,77,64,63,49,70,65,53,57,49,58,49,52,58,50,50,48,51,47,52,57,57,55,50,54,50,52,assets/players/nfl/x_nfli08600001.webp
Isaiah Henderson,fict,-1,QB,65,78,22,Kaigam,189,0,48,53,57,44,69,70,68,72,57,49,67,62,50,53,51,50,48,47,58,55,46,47,52,50,46,54,54,52,55,54,56,53,assets/players/nfl/x_nfli08700001.webp
Mason Yondo,fict,-1,OL,58,58,28,Riada,203,0,30,46,51,69,45,41,50,50,43,51,49,40,50,41,52,50,45,41,47,63,63,62,45,43,48,47,50,47,49,50,46,44,assets/players/nfl/x_nfli08800001.webp
Kyle Iskakov,fict,5,WR,67,70,27,Kostanay,184,0,80,80,73,55,52,50,58,56,56,55,57,59,56,57,57,71,73,75,64,49,56,54,56,55,57,55,49,57,49,58,52,50,assets/players/nfl/x_nfli08900001.webp
Tyler Bekolo,fict,-1,DL,56,56,31,Riada,190,0,39,41,49,69,41,45,46,42,48,45,48,48,44,44,49,48,39,48,44,48,39,47,57,54,54,44,44,43,44,50,46,48,assets/players/nfl/x_nfli09000001.webp
Malik Burgos,fict,1,QB,53,63,21,Magayanes,187,0,34,38,47,40,54,61,63,57,46,43,52,49,38,45,37,46,44,43,48,45,42,48,42,40,39,46,39,42,40,40,40,38,assets/players/nfl/x_nfli09100001.webp
Cody Kaiser,fict,-1,TE,62,66,27,Margin,196,0,56,43,52,60,46,52,54,48,53,53,46,52,53,52,46,65,73,54,66,48,58,47,54,55,44,45,45,44,51,53,51,54,assets/players/nfl/x_nfli09200001.webp
Mason Brekke,fict,-1,LB,55,55,28,Overmark,189,0,46,44,38,63,56,50,48,47,44,46,44,48,44,41,40,49,42,41,41,38,48,48,51,64,61,45,47,43,49,42,48,41,assets/players/nfl/x_nfli09300001.webp
Devin Ocampo,fict,6,DL,74,78,27,Magayanes,199,0,51,60,55,87,63,62,60,62,56,54,53,58,57,53,54,65,56,64,61,63,58,60,78,79,65,53,60,55,65,63,59,60,assets/players/nfl/x_nfli09400001.webp
Tua Underwood,fict,6,DL,48,48,33,Kaigam,189,0,36,34,44,53,35,40,37,42,38,35,35,36,38,40,36,39,34,41,41,36,39,42,54,45,47,43,37,36,38,37,34,38,assets/players/nfl/x_nfli09500001.webp
Tua Bagshaw,fict,1,CB,62,62,28,Kaigam,184,0,74,51,74,51,47,54,54,50,50,53,49,54,50,47,47,50,49,47,51,50,43,53,51,48,45,64,68,64,61,50,51,50,assets/players/nfl/x_nfli09600001.webp
Tyler Du Plessis,fict,2,OL,66,66,31,Skote,201,0,30,57,47,82,49,58,51,47,53,58,55,55,56,49,53,48,47,58,56,72,68,75,58,57,47,51,54,48,48,52,55,55,assets/players/nfl/x_nfli09700001.webp
Jalen Dawson,fict,-1,S,66,70,24,Kaigam,188,0,74,48,48,52,67,51,51,55,56,51,56,50,55,47,57,51,59,53,54,55,58,54,57,75,50,46,73,71,52,74,58,57,assets/players/nfl/x_nfli09800001.webp
Cody Botha,fict,5,S,68,68,28,Skote,181,0,70,52,50,55,76,58,56,53,58,58,52,48,53,55,55,51,66,48,56,56,52,52,59,75,58,49,72,72,57,81,51,50,assets/players/nfl/x_nfli09900001.webp
Isaiah Molefe,fict,-1,TE,59,63,26,Skote,191,0,56,43,47,63,51,48,43,46,50,47,48,45,44,42,48,58,66,45,63,50,53,49,48,44,43,53,45,47,46,48,43,47,assets/players/nfl/x_nfli10000001.webp
Cody Gilmour,fict,-1,DL,63,63,26,Kaigam,190,0,42,48,48,77,50,49,49,44,53,50,48,48,50,55,46,56,48,45,52,55,48,53,66,68,51,52,49,45,51,51,51,51,assets/players/nfl/x_nfli10100001.webp
Darius Kirkland,fict,-1,LB,59,62,25,Kaigam,189,0,54,52,43,60,66,52,43,51,48,48,48,48,42,43,43,41,43,46,43,42,46,45,58,68,61,46,47,52,47,45,43,47,assets/players/nfl/x_nfli10200001.webp
Tua Flores,fict,7,WR,55,60,23,Costas Unidas,175,0,68,61,59,42,39,48,49,41,48,42,41,45,48,43,42,64,59,61,50,49,46,41,43,38,45,44,48,42,46,43,47,43,assets/players/nfl/x_nfli10300001.webp
Devin Mokoena,fict,1,WR,66,70,26,Skote,187,0,82,73,67,56,52,52,47,57,52,52,57,47,58,56,58,73,71,74,63,48,47,49,51,51,54,55,54,53,56,48,58,51,assets/players/nfl/x_nfli10400001.webp
Cody Maseko,fict,-1,RB,61,69,24,Skote,182,0,76,72,67,55,49,46,48,51,43,53,54,48,66,68,65,52,55,52,54,52,45,47,46,46,43,51,51,48,49,53,50,47,assets/players/nfl/x_nfli10500001.webp
Cody Cele,fict,-1,DL,64,68,25,Skote,183,0,55,47,53,70,55,45,48,55,48,56,48,52,56,49,56,50,48,48,51,53,57,46,65,69,59,54,57,54,51,51,57,52,assets/players/nfl/x_nfli10600001.webp
Mason Longo,fict,2,LB,70,72,26,Melonia,186,0,70,57,56,72,69,54,56,58,52,53,60,56,61,58,53,51,59,55,55,52,51,59,70,74,81,52,55,53,61,51,58,55,assets/players/nfl/x_nfli10700001.webp
Kyle Aramayo,fict,-1,CB,59,67,24,Magayanes,177,0,73,51,73,52,47,47,42,49,47,43,46,41,42,47,43,51,44,42,41,48,41,43,42,49,50,59,61,61,60,47,48,44,assets/players/nfl/x_nfli10800001.webp
Tua Nolan,fict,0,TE,54,60,22,Kaigam,192,0,48,47,46,53,48,46,40,45,41,38,39,38,48,47,45,56,58,47,57,49,56,37,46,48,40,41,45,40,49,48,40,47,assets/players/nfl/x_nfli10900001.webp
Devin Farrow,fict,0,S,75,75,28,Kaigam,184,0,81,59,54,59,77,64,59,58,64,62,60,64,62,57,55,61,68,54,55,58,55,54,63,80,63,60,83,84,59,91,56,59,assets/players/nfl/x_nfli11000001.webp
Tua Ebert,fict,6,WR,51,64,21,Margin,185,0,62,53,63,42,36,40,39,37,39,40,38,42,40,38,36,55,56,54,49,36,41,45,43,46,43,42,40,42,45,37,46,36,assets/players/nfl/x_nfli11100001.webp
Jamal Hasegawa,fict,4,WR,57,66,22,Tamago,184,0,68,58,66,41,47,45,40,46,44,49,42,43,43,41,45,63,65,64,56,50,41,48,44,49,41,51,40,46,43,50,43,48,assets/players/nfl/x_nfli11200001.webp
Devin Toledo,fict,7,CB,60,60,29,Tamago,184,0,67,43,71,46,51,48,45,44,44,44,46,46,52,53,43,48,45,54,43,45,46,44,52,50,49,66,66,66,60,48,47,46,assets/players/nfl/x_nfli11300001.webp
Darius Kasenov,fict,-1,S,68,68,31,Kostanay,182,0,79,55,59,53,75,52,56,58,53,55,53,52,53,59,52,56,56,60,57,53,52,53,51,73,51,53,72,70,52,82,53,53,assets/players/nfl/x_nfli11400001.webp
Tyrese Hartmann,fict,6,LB,68,78,22,Margin,191,0,67,58,49,67,67,52,58,59,56,57,56,60,51,56,52,49,52,59,59,51,53,53,65,72,84,52,58,58,56,53,52,51,assets/players/nfl/x_nfli11500001.webp
Cody Ellison,fict,-1,S,64,69,23,Kaigam,181,0,69,47,49,48,70,48,48,50,52,48,53,53,49,55,56,55,57,45,46,55,48,49,52,65,57,51,71,74,48,72,51,54,assets/players/nfl/x_nfli11600001.webp
Tyler Tello,fict,-1,OL,60,60,31,Peronia,192,0,32,42,46,76,43,52,53,42,50,47,47,51,44,43,47,52,46,52,46,63,63,65,42,53,51,53,52,42,53,51,46,46,assets/players/nfl/x_nfli11700001.webp
Jamal Kenfack,fict,-1,LB,53,53,30,Riada,185,0,47,47,41,49,55,47,36,40,38,42,43,44,44,43,37,38,39,45,43,40,42,48,55,64,61,41,42,42,45,47,36,41,assets/players/nfl/x_nfli11800001.webp
Darius Sithole,fict,-1,TE,62,68,23,Skote,192,0,60,46,52,66,51,52,49,43,52,45,47,51,49,48,53,58,64,50,63,50,66,48,45,47,48,52,51,50,51,53,46,50,assets/players/nfl/x_nfli11900001.webp
Malik Cejas,fict,0,S,51,52,25,Magayanes,179,0,58,46,44,35,54,36,42,46,36,39,44,44,36,44,38,45,39,42,43,39,40,41,45,58,38,44,60,59,36,58,40,35,assets/players/nfl/x_nfli12000001.webp
Isaiah Herrmann,fict,1,WR,71,71,29,Margin,178,0,84,76,76,59,61,55,62,58,62,58,58,62,51,54,61,82,82,78,61,57,51,56,60,58,51,53,56,53,60,59,61,59,assets/players/nfl/x_nfli12100001.webp
Darius Tchoua,fict,7,QB,51,57,22,Riada,194,0,33,46,36,41,54,57,63,54,42,39,50,41,37,36,45,43,46,38,44,36,40,43,46,46,36,35,39,43,45,45,35,38,assets/players/nfl/x_nfli12200001.webp
Kyle Chocano,fict,1,TE,57,61,27,Costas Unidas,203,0,53,42,50,57,49,44,51,42,40,39,42,46,48,41,47,58,63,43,65,47,51,51,51,47,48,41,51,42,44,48,47,44,assets/players/nfl/x_nfli12300001.webp
Jamal Ziegler,fict,-1,RB,65,65,33,Margin,178,0,79,76,77,56,57,50,55,49,50,55,47,53,69,70,73,46,54,51,46,47,51,46,51,55,47,47,49,46,57,49,53,47,assets/players/nfl/x_nfli12400001.webp
Tua Tagne,fict,2,S,54,54,33,Riada,178,0,57,40,44,47,59,46,41,42,45,43,39,40,43,42,44,44,53,39,38,48,41,42,38,60,38,45,54,58,47,63,42,48,assets/players/nfl/x_nfli12500001.webp
Tyler Kamdem,fict,5,CB,61,76,22,Riada,181,0,68,52,69,54,46,48,45,47,45,53,44,47,47,43,50,53,47,47,46,53,53,51,45,50,54,72,61,70,62,51,50,45,assets/players/nfl/x_nfli12600001.webp
Jalen Shapiro,fict,7,OL,71,71,33,Netanya,201,0,31,54,55,85,54,56,51,55,62,60,54,51,53,52,56,62,55,52,57,77,81,74,62,51,62,53,59,57,60,54,53,54,assets/players/nfl/x_nfli12700001.webp
Jalen Solberg,fict,-1,CB,55,67,22,Overmark,177,0,66,45,64,44,42,41,42,38,38,46,45,38,45,42,50,43,44,39,48,42,48,43,39,40,44,58,53,56,62,40,48,41,assets/players/nfl/x_nfli12800001.webp
Trey Ndlovu,fict,-1,CB,46,49,25,Skote,185,0,53,34,54,34,31,34,42,41,43,40,38,41,37,41,33,37,42,34,42,33,31,38,31,32,36,54,49,44,41,37,42,33,assets/players/nfl/x_nfli12900001.webp
Tyler Whitlock,fict,0,QB,49,49,31,Kaigam,194,0,39,37,40,33,51,56,52,52,49,36,51,44,39,36,36,44,40,40,37,45,34,34,40,45,37,40,41,38,45,40,42,41,assets/players/nfl/x_nfli13000001.webp
Brandon Hansen,fict,7,S,53,53,33,Overmark,186,0,59,37,46,44,54,45,36,42,45,44,40,43,45,48,47,48,49,42,43,42,36,46,46,55,43,44,61,56,46,65,37,42,assets/players/nfl/x_nfli13100001.webp
Jalen Böhm,fict,-1,LB,53,53,31,Margin,184,0,51,40,48,58,59,48,37,44,39,47,47,37,42,47,43,42,45,42,39,44,46,40,44,57,60,46,45,39,38,48,43,42,assets/players/nfl/x_nfli13200001.webp
Cody Doyle,fict,-1,DL,57,63,23,Kaigam,191,0,47,49,41,64,47,41,43,50,51,43,44,44,48,43,44,43,44,46,45,45,40,43,61,56,53,44,40,49,49,41,47,43,assets/players/nfl/x_nfli13300001.webp
Tua Coetzee,fict,-1,RB,64,64,32,Skote,173,0,68,75,68,66,52,53,55,47,52,50,53,49,63,74,70,55,65,46,56,49,46,48,56,55,54,47,55,54,52,48,46,50,assets/players/nfl/x_nfli13400001.webp
Devin Whitaker,fict,5,S,48,54,22,Kaigam,188,0,53,37,42,38,50,41,43,43,44,40,43,36,42,41,35,34,40,34,38,37,40,34,34,48,37,33,57,53,32,61,36,39,assets/players/nfl/x_nfli13500001.webp
Devin Blackwood,fict,3,WR,52,63,22,Kaigam,178,0,63,56,59,46,46,40,44,43,39,46,45,41,45,44,38,58,60,53,50,47,38,37,41,38,46,42,37,47,46,43,47,37,assets/players/nfl/x_nfli13600001.webp
Kyle Steyn,fict,-1,LB,60,60,25,Skote,191,0,54,51,49,66,64,47,48,48,46,44,49,47,46,49,47,44,46,52,49,47,43,52,58,62,70,46,52,49,49,45,52,48,assets/players/nfl/x_nfli13700001.webp
Tyler De Boer,fict,-1,RB,64,71,23,Margin,171,0,75,68,70,63,55,53,50,53,46,50,47,54,72,74,64,53,61,52,49,52,48,53,48,51,52,51,56,45,52,49,50,47,assets/players/nfl/x_nfli13800001.webp
Kyle Halvorsen,fict,3,S,46,46,28,Overmark,178,0,59,31,38,32,53,31,32,35,42,40,36,36,36,41,40,34,38,35,36,42,32,38,31,51,35,33,52,45,42,50,39,33,assets/players/nfl/x_nfli13900001.webp
Jalen Medina,fict,-1,RB,69,76,22,Magayanes,177,0,80,75,77,62,55,53,54,49,58,56,49,51,68,86,76,55,65,54,50,50,56,60,53,49,55,57,51,58,53,57,50,51,assets/players/nfl/x_nfli14000001.webp
Cody Quiñones,fict,3,DL,46,46,29,Magayanes,196,0,35,36,33,56,31,35,38,38,42,32,38,36,37,39,39,32,42,35,39,40,39,37,50,47,39,40,32,40,41,31,32,42,assets/players/nfl/x_nfli14100001.webp
Tua Alarcón,fict,-1,WR,59,59,32,Magayanes,183,0,76,67,67,43,49,43,42,41,48,46,44,45,41,43,46,67,62,63,51,51,45,48,48,43,43,49,49,49,42,43,51,52,assets/players/nfl/x_nfli14200001.webp
Cody Grimaldi,fict,-1,DL,62,63,26,Magayanes,197,0,49,46,53,65,48,52,46,46,52,48,53,53,49,44,47,50,44,45,48,52,43,44,72,62,55,48,46,48,53,45,54,49,assets/players/nfl/x_nfli14300001.webp
Jalen Coronel,fict,-1,WR,58,70,22,Magayanes,187,0,70,68,68,45,43,44,49,45,41,43,45,48,51,40,43,65,60,62,56,43,41,45,41,45,41,45,45,46,50,43,52,46,assets/players/nfl/x_nfli14400001.webp
Jalen Morán,fict,-1,LB,57,71,21,Magayanes,190,0,51,45,39,56,62,43,46,50,42,46,46,46,49,45,47,44,46,42,45,43,46,45,57,67,63,50,44,45,39,48,41,46,assets/players/nfl/x_nfli14500001.webp
Devin Gallagher,fict,1,CB,67,67,32,Kaigam,176,0,83,50,77,47,53,58,49,54,59,48,50,56,50,47,55,52,51,59,56,51,48,55,55,56,50,69,66,75,72,48,51,48,assets/players/nfl/x_nfli14600001.webp
Isaiah Zapata,fict,-1,S,55,55,33,Magayanes,183,0,68,44,48,39,64,43,40,46,44,45,45,40,38,41,48,49,47,40,44,48,43,49,42,52,44,49,61,55,48,68,40,45,assets/players/nfl/x_nfli14700001.webp
Jamal Caputo,fict,2,DL,70,71,25,Melonia,191,0,58,60,59,77,50,57,53,61,54,52,56,55,54,61,54,56,50,53,55,62,51,62,76,72,63,52,58,57,61,61,55,54,assets/players/nfl/x_nfli14800001.webp
Darius Redmond,fict,-1,DL,66,66,29,Kaigam,195,0,47,51,52,78,49,51,57,50,51,58,56,51,54,58,49,47,57,50,49,57,56,58,74,71,52,52,54,47,49,56,58,48,assets/players/nfl/x_nfli14900001.webp
Jalen Chandler,fict,-1,DL,54,69,22,Kaigam,193,0,40,43,44,65,48,42,45,37,49,45,41,49,45,47,47,44,40,48,43,41,40,44,54,53,52,45,41,47,44,48,43,45,assets/players/nfl/x_nfli15000001.webp
Brandon Vermeulen,fict,7,S,69,76,22,Margin,180,0,81,61,54,58,73,60,54,60,53,51,52,60,55,59,49,54,65,59,52,52,53,57,50,74,53,49,70,75,54,78,54,58,assets/players/nfl/x_nfli15100001.webp
Marcus Camino,fict,-1,OL,62,62,28,Magayanes,189,0,30,47,52,73,55,44,53,46,50,52,52,52,45,47,51,53,51,48,44,64,68,73,50,48,51,43,44,47,48,46,43,51,assets/players/nfl/x_nfli15200001.webp
Kyle Haworth,fict,3,RB,56,56,28,Kaigam,177,0,67,64,65,51,50,50,41,50,46,43,48,50,56,68,57,46,55,40,48,45,47,43,45,39,49,44,43,48,41,50,42,47,assets/players/nfl/x_nfli15300001.webp
Tyrese Aasen,fict,0,LB,72,72,25,Overmark,193,0,73,56,60,78,69,59,58,60,63,63,58,62,58,59,56,55,62,57,63,60,58,55,72,84,76,62,61,52,56,62,55,52,assets/players/nfl/x_nfli15400001.webp
Isaiah Buchanan,fict,-1,OL,56,56,32,Kaigam,197,0,30,41,49,66,42,49,47,40,50,39,45,48,40,48,39,49,48,41,43,63,63,55,40,46,39,41,43,39,46,47,50,41,assets/players/nfl/x_nfli15500001.webp
Trey Arteaga,fict,-1,QB,55,55,29,Magayanes,184,0,45,43,49,36,54,65,61,53,55,38,57,55,47,39,42,46,39,45,47,47,46,45,49,45,43,43,42,45,38,42,49,47,assets/players/nfl/x_nfli15600001.webp
Mason Lehmann,fict,6,OL,64,64,30,Margin,191,0,34,48,55,73,45,52,51,46,56,53,56,50,55,46,45,54,53,46,53,71,67,72,48,50,48,56,55,47,56,55,49,51,assets/players/nfl/x_nfli15700001.webp
Brandon Zondi,fict,1,DL,74,74,27,Skote,193,0,47,58,58,87,62,57,61,64,57,55,59,60,64,54,55,64,59,60,62,56,54,59,78,81,67,60,54,62,56,56,56,64,assets/players/nfl/x_nfli15800001.webp
Mason Caicedo,fict,2,WR,64,64,31,Morvicia,193,0,73,74,66,49,52,49,53,56,49,49,49,53,57,56,48,76,72,69,61,53,46,50,53,53,50,49,53,50,46,49,53,54,assets/players/nfl/x_nfli15900001.webp
Darius Atangana,fict,-1,LB,58,65,21,Riada,197,0,55,43,44,63,60,48,44,46,44,51,44,51,47,43,47,45,42,49,42,52,52,42,58,63,66,52,42,46,43,51,49,46,assets/players/nfl/x_nfli16000001.webp
Kyle Kuiper,fict,1,LB,72,74,25,Margin,187,0,73,53,59,73,72,59,53,57,55,62,52,62,58,54,58,52,51,63,62,57,60,56,65,82,82,57,62,57,55,53,61,63,assets/players/nfl/x_nfli16100001.webp
Jalen Dlamini,fict,0,CB,63,65,25,Skote,185,0,79,47,77,51,54,45,47,52,45,51,55,56,55,45,53,56,53,48,50,46,55,55,48,48,48,63,67,61,62,55,55,55,assets/players/nfl/x_nfli16200001.webp
Tua Ayissi,fict,-1,S,64,64,29,Riada,181,0,69,47,49,51,65,49,55,56,47,53,45,46,51,56,45,50,57,53,57,46,53,52,46,66,49,49,75,69,53,78,46,47,assets/players/nfl/x_nfli16300001.webp
Darius Marsh,fict,-1,RB,65,71,23,Kaigam,173,0,73,79,75,55,49,58,53,53,51,47,46,46,66,78,72,47,57,51,54,55,54,51,54,57,48,48,57,49,46,52,55,48,assets/players/nfl/x_nfli16400001.webp
Darius Pritchard,fict,-1,DL,68,71,24,Kaigam,189,0,56,51,59,82,52,54,56,48,52,54,55,50,50,48,57,54,51,53,54,55,51,57,69,68,63,52,52,59,52,55,55,54,assets/players/nfl/x_nfli16500001.webp
Tua Ekambi,fict,5,QB,44,60,21,Riada,194,0,30,40,40,39,49,47,50,47,42,32,42,41,37,31,30,38,34,32,39,36,39,36,31,30,30,34,30,35,36,40,39,40,assets/players/nfl/x_nfli16600001.webp
Jamal Tenorio,fict,-1,LB,60,60,25,Magayanes,184,0,60,49,47,69,61,50,52,43,49,49,47,49,42,53,45,48,47,47,42,51,45,49,52,67,63,50,46,50,50,45,51,47,assets/players/nfl/x_nfli16700001.webp
Jamal Hendriks,fict,1,S,52,55,23,Margin,181,0,54,40,47,40,59,36,39,36,44,38,38,44,42,39,42,36,43,41,37,45,40,36,37,50,47,44,62,61,36,63,45,36,assets/players/nfl/x_nfli16800001.webp
Isaiah Chávez,fict,2,OL,78,88,21,Magayanes,188,0,38,59,61,98,59,64,60,62,57,63,60,64,63,56,59,66,67,57,56,80,85,84,65,67,62,66,64,57,62,64,67,60,assets/players/nfl/x_nfli16900001.webp
Tua Salvio,fict,-1,LB,61,61,33,Magayanes,192,0,57,50,43,61,61,46,47,49,46,48,46,43,49,52,45,48,52,49,51,48,50,44,55,73,72,43,51,47,52,49,48,52,assets/players/nfl/x_nfli17000001.webp
Jalen Bordón,fict,-1,QB,63,76,22,Magayanes,182,0,47,55,44,52,70,65,75,63,61,48,67,52,51,52,47,53,44,51,44,55,50,51,46,53,52,50,48,47,46,53,55,56,assets/players/nfl/x_nfli17100001.webp
Mason Piras,fict,-1,QB,58,58,30,Melonia,194,0,42,49,47,53,60,67,64,59,53,44,61,51,49,41,49,44,51,47,52,47,41,41,48,52,51,51,40,42,44,47,42,45,assets/players/nfl/x_nfli17200001.webp
Trey Barros,fict,-1,LB,62,71,24,Tamago,182,0,60,46,46,67,67,49,54,47,48,48,53,46,52,55,43,53,51,53,54,45,44,48,54,72,70,52,46,44,49,54,55,51,assets/players/nfl/x_nfli17300001.webp
Malik Montenegro,fict,-1,DL,63,66,25,Magayanes,187,0,53,44,56,66,51,55,49,44,49,48,46,50,51,47,52,45,49,56,56,48,45,48,69,71,54,54,54,49,55,53,53,47,assets/players/nfl/x_nfli17400001.webp
Devin Lockhart,fict,3,RB,51,51,30,Kaigam,172,0,55,64,58,43,38,43,38,43,46,37,43,36,50,62,59,43,46,41,36,46,40,35,40,36,41,42,43,44,45,40,40,45,assets/players/nfl/x_nfli17500001.webp
Brandon Zulu,fict,-1,LB,56,56,28,Skote,191,0,53,50,45,62,55,44,47,44,43,45,43,39,47,39,39,42,50,48,45,49,42,39,54,63,65,45,44,46,40,47,48,46,assets/players/nfl/x_nfli17600001.webp
Darius Reid,fict,6,CB,59,62,25,Kaigam,181,0,69,49,74,51,45,43,53,41,48,52,43,50,52,42,51,49,45,49,51,51,48,52,45,42,46,59,64,64,61,50,52,49,assets/players/nfl/x_nfli17700001.webp
Kyle Bosman,fict,-1,OL,52,57,23,Margin,183,0,36,36,40,56,39,40,44,38,36,45,44,42,43,40,42,37,46,47,39,57,56,61,36,40,43,42,38,39,40,44,42,45,assets/players/nfl/x_nfli17800001.webp
Isaiah Sadjo,fict,3,CB,64,68,25,Riada,182,0,72,54,74,55,54,55,52,47,52,53,47,55,56,47,51,54,49,53,56,56,54,49,49,45,49,66,68,70,68,45,54,51,assets/players/nfl/x_nfli17900001.webp
Marcus Neumann,fict,-1,OL,50,50,28,Margin,205,0,30,41,41,60,42,34,45,40,44,44,45,40,39,40,34,36,38,37,44,53,51,61,36,44,46,42,36,38,39,35,42,37,assets/players/nfl/x_nfli18000001.webp
Jamal Biyik,fict,-1,QB,66,66,32,Riada,194,0,42,48,52,58,72,70,79,68,62,50,67,55,47,56,53,56,52,49,55,47,47,56,47,48,48,48,47,49,54,50,55,55,assets/players/nfl/x_nfli18100001.webp
Trey Mahlangu,fict,-1,QB,64,73,23,Skote,187,0,45,48,55,49,64,67,76,64,60,51,71,54,50,48,46,55,50,52,48,49,54,55,53,52,47,55,57,47,51,51,49,50,assets/players/nfl/x_nfli18200001.webp
Trey Cárdenas,fict,0,DL,52,52,30,Magayanes,191,0,42,40,40,60,35,45,44,43,44,46,43,42,39,38,43,43,43,42,41,36,36,38,58,52,43,39,38,40,40,38,40,46,assets/players/nfl/x_nfli18300001.webp
Brandon Fretes,fict,-1,LB,66,77,21,Magayanes,185,0,66,53,55,65,72,56,58,54,57,55,56,49,51,47,54,55,50,50,46,51,48,50,65,69,77,49,57,55,54,49,50,56,assets/players/nfl/x_nfli18400001.webp
Jamal Jansen,fict,2,CB,64,64,28,Skote,182,0,75,52,72,49,52,49,54,46,47,45,49,54,56,45,57,52,50,46,48,52,49,53,51,54,52,71,68,67,65,49,45,55,assets/players/nfl/x_nfli18500001.webp
Brandon Aguilera,fict,-1,S,68,68,31,Kaigam,181,0,73,54,55,53,72,51,50,48,53,55,50,55,59,51,51,48,57,53,55,54,49,58,55,71,58,49,76,71,48,87,55,56,assets/players/nfl/x_nfli18600001.webp
Tyrese Palacios,fict,-1,S,61,69,24,Magayanes,187,0,64,54,53,47,69,45,53,49,51,49,52,44,50,53,44,44,59,47,44,48,51,47,44,69,47,51,64,63,46,68,52,53,assets/players/nfl/x_nfli18700001.webp
Tyrese Vidal,fict,-1,DL,60,60,32,Morvicia,194,0,45,53,53,75,49,44,49,43,48,49,45,44,48,43,43,52,48,44,43,47,42,52,63,61,52,51,42,50,43,53,48,46,assets/players/nfl/x_nfli18800001.webp
Brandon Carmona,fict,-1,S,61,65,24,Magayanes,179,0,67,49,43,38,71,52,53,49,50,49,50,49,49,51,52,51,50,45,45,44,44,48,52,69,50,54,66,67,50,69,48,48,assets/players/nfl/x_nfli18900001.webp
Brandon Djoumessi,fict,-1,OL,60,63,24,Riada,196,0,30,44,44,74,45,47,50,47,47,53,42,45,49,45,44,43,51,51,51,61,68,65,50,45,50,49,49,45,47,42,42,46,assets/players/nfl/x_nfli19000001.webp
Kyle Farias,fict,1,WR,62,62,30,Tamago,195,0,74,69,64,47,47,53,49,52,52,47,44,51,51,44,47,74,70,61,63,53,54,50,48,43,44,54,48,50,51,47,48,51,assets/players/nfl/x_nfli19100001.webp
Devin Altamirano,fict,-1,DL,60,60,33,Kaigam,185,0,47,47,45,69,44,45,52,43,43,44,49,44,48,53,53,53,47,43,51,43,50,47,67,63,46,47,44,51,50,43,48,50,assets/players/nfl/x_nfli19200001.webp
Jalen Arancibia,fict,-1,S,54,54,28,Kaigam,186,0,62,44,45,41,61,38,41,49,37,47,39,40,49,47,47,48,43,41,40,41,38,45,37,61,46,45,60,56,41,60,43,41,assets/players/nfl/x_nfli19300001.webp
Cody Fjeld,fict,6,OL,70,77,24,Overmark,191,0,32,52,53,81,59,50,60,51,54,54,53,60,59,57,53,58,52,57,51,79,75,75,50,61,52,59,60,58,57,60,56,54,assets/players/nfl/x_nfli19400001.webp
Brandon Fouda,fict,-1,S,66,66,32,Riada,179,0,68,55,52,50,69,51,52,56,49,47,56,57,52,52,50,47,64,55,49,50,55,48,54,71,49,49,77,73,54,74,48,51,assets/players/nfl/x_nfli19500001.webp
Trey Zamora,fict,2,WR,58,58,29,Costas Unidas,184,0,74,63,61,46,50,46,44,46,50,45,50,44,46,52,42,62,66,61,54,42,46,44,50,49,51,48,43,45,44,41,50,40,assets/players/nfl/x_nfli19600001.webp
Brandon Van der Merwe,fict,0,WR,66,66,30,Skote,191,0,74,75,76,59,51,48,57,53,55,57,54,57,51,55,54,77,72,71,57,53,47,50,48,51,51,51,54,52,48,49,56,55,assets/players/nfl/x_nfli19700001.webp
Kyle Manga,fict,5,OL,75,76,25,Riada,193,0,32,65,63,92,64,65,61,60,55,64,54,62,55,58,58,55,56,54,58,79,79,87,54,64,64,63,54,63,63,63,65,58,assets/players/nfl/x_nfli19800001.webp
Malik Busch,fict,-1,QB,65,66,27,Margin,190,0,44,52,49,55,61,74,72,67,64,53,65,63,51,56,57,46,47,57,52,51,47,50,51,57,54,55,51,50,55,58,47,51,assets/players/nfl/x_nfli19900001.webp
Cody Bakken,fict,-1,OL,58,58,32,Overmark,192,0,30,42,42,65,42,47,47,48,48,41,49,43,44,47,49,50,51,46,49,63,64,64,42,52,48,48,46,48,41,42,43,48,assets/players/nfl/x_nfli20000001.webp
Brandon Mbida,fict,3,QB,49,50,26,Riada,195,0,36,35,43,44,55,52,58,48,42,41,52,47,44,42,44,44,44,35,36,40,45,33,37,43,40,38,41,33,34,40,45,38,assets/players/nfl/x_nfli20100001.webp
Cody Bassong,fict,2,DL,73,77,27,Riada,189,0,51,52,62,87,55,63,57,59,63,55,59,63,63,54,61,59,62,60,60,54,62,61,79,69,67,55,53,54,56,62,56,57,assets/players/nfl/x_nfli20200001.webp
Mason Grønvold,fict,6,RB,71,73,26,Overmark,179,0,75,78,88,65,54,62,56,52,52,61,61,57,74,83,75,54,71,53,55,61,57,51,55,55,58,54,61,56,54,55,57,62,assets/players/nfl/x_nfli20300001.webp
Jalen Vetter,fict,-1,OL,64,64,30,Margin,200,0,30,47,45,78,52,54,57,52,49,54,47,56,51,53,53,56,55,56,48,74,65,67,56,56,56,45,52,49,48,50,46,46,assets/players/nfl/x_nfli20400001.webp
Mason Miranda,fict,-1,QB,64,64,32,Magayanes,191,0,45,55,50,46,64,71,78,66,56,57,67,56,49,47,46,48,46,49,56,54,45,48,49,49,52,54,48,46,57,55,53,56,assets/players/nfl/x_nfli20500001.webp
Tyrese Kimura,fict,-1,OL,60,76,22,Tamago,202,0,30,45,45,62,52,47,50,53,42,46,53,46,46,52,53,46,47,45,49,69,67,70,49,47,43,45,47,51,43,51,49,45,assets/players/nfl/x_nfli20600001.webp
Jalen Motaung,fict,-1,DL,63,70,23,Skote,187,0,46,52,53,75,47,45,53,48,53,52,46,55,53,54,53,48,52,46,55,51,53,55,64,63,61,49,50,52,50,47,49,53,assets/players/nfl/x_nfli20700001.webp
Marcus Arias,fict,-1,DL,60,60,32,Magayanes,188,0,43,50,50,64,42,47,51,47,48,53,46,45,50,52,47,50,46,45,52,48,51,51,68,64,53,53,45,50,53,53,53,51,assets/players/nfl/x_nfli20800001.webp
Tyler Arce,fict,3,LB,73,73,32,Kaigam,177,0,73,55,61,75,74,56,55,58,56,55,57,60,56,59,60,60,58,55,58,60,62,60,71,78,85,53,55,54,57,64,60,61,assets/players/nfl/x_nfli20900001.webp
Kyle Skog,fict,7,RB,58,58,28,Overmark,178,0,67,61,67,46,41,51,41,40,49,47,50,43,64,71,64,49,57,46,49,49,48,50,49,41,43,42,50,49,52,46,41,51,assets/players/nfl/x_nfli21000001.webp
Jalen Cardozo,fict,6,S,49,49,33,Magayanes,191,0,56,39,44,39,52,35,35,35,34,40,37,35,42,41,34,40,47,37,39,43,38,41,41,50,36,40,53,51,35,58,36,33,assets/players/nfl/x_nfli21100001.webp
Devin Essomba,fict,6,RB,51,54,24,Riada,177,0,59,55,56,50,37,35,41,43,44,45,39,37,56,62,56,36,45,35,37,35,46,37,46,40,43,36,45,42,46,40,44,39,assets/players/nfl/x_nfli21200001.webp
Malik Naidoo,fict,-1,QB,64,64,31,Skote,197,0,39,55,54,50,71,72,74,66,61,47,64,54,49,53,56,51,50,56,48,54,50,54,51,56,48,50,46,54,47,50,47,57,assets/players/nfl/x_nfli21300001.webp
Isaiah Arellano,fict,5,RB,70,77,22,Kaigam,182,0,79,86,77,57,58,58,56,50,61,60,50,54,73,78,80,53,67,54,60,50,50,54,55,52,50,57,56,59,51,51,55,54,assets/players/nfl/x_nfli21400001.webp
Malik Ospina,fict,-1,OL,61,61,29,Magayanes,196,0,35,48,54,69,50,52,50,46,48,49,44,44,45,44,43,54,45,52,44,65,65,73,50,54,51,52,46,46,45,48,49,50,assets/players/nfl/x_nfli21500001.webp
Malik Haugen,fict,-1,S,55,65,22,Overmark,190,0,59,44,38,46,62,49,46,39,39,49,42,42,45,46,45,48,45,47,41,38,49,46,48,60,45,41,55,61,40,69,43,49,assets/players/nfl/x_nfli21600001.webp
Mason Abanda,fict,-1,S,55,55,32,Riada,184,0,61,49,43,50,55,39,40,44,45,42,48,40,49,48,44,45,51,47,44,46,48,42,38,56,44,42,63,60,38,67,45,40,assets/players/nfl/x_nfli21700001.webp
Darius Ávalos,fict,-1,DL,66,66,32,Kaigam,198,0,56,50,47,75,51,47,47,48,51,53,58,53,57,54,57,51,51,52,48,57,49,54,65,72,62,54,57,47,57,51,57,48,assets/players/nfl/x_nfli21800001.webp
Marcus Ávila,fict,-1,TE,62,70,23,Kaigam,186,0,59,48,48,64,44,51,44,55,45,52,53,51,44,44,47,63,67,53,65,53,60,47,48,52,51,52,54,48,47,52,44,50,assets/players/nfl/x_nfli21900001.webp
Isaiah Benavídez,fict,-1,LB,63,72,23,Magayanes,193,0,61,49,45,60,61,56,53,49,50,50,47,45,51,51,52,48,52,52,50,55,56,46,59,75,78,54,54,52,53,46,54,53,assets/players/nfl/x_nfli22000001.webp
Darius Mbarga,fict,-1,QB,63,63,26,Riada,195,0,44,54,54,46,62,65,76,66,55,47,73,55,50,48,49,55,53,48,47,48,51,52,45,46,53,44,52,50,54,56,55,46,assets/players/nfl/x_nfli22100001.webp
Darius Dávalos,fict,-1,OL,50,53,24,Magayanes,190,0,31,42,39,54,45,36,36,34,45,41,38,42,41,36,44,42,40,44,41,54,54,58,35,40,42,46,42,34,45,41,45,40,assets/players/nfl/x_nfli22200001.webp
Jamal Tshabalala,fict,-1,OL,62,64,27,Skote,199,0,31,52,53,69,50,55,55,52,52,51,43,54,46,51,49,46,45,44,46,63,71,74,50,55,44,45,44,44,52,54,50,53,assets/players/nfl/x_nfli22300001.webp
Mason Beisenov,fict,-1,LB,53,54,25,Kostanay,198,0,56,40,45,52,55,40,40,40,38,46,44,46,41,43,39,40,41,37,42,41,38,47,51,61,58,48,46,37,45,44,40,42,assets/players/nfl/x_nfli22400001.webp
Devin Baigorria,fict,-1,QB,65,65,31,Kaigam,198,0,49,56,46,54,68,71,78,63,56,51,72,59,50,48,52,58,57,55,52,50,47,47,48,57,48,51,55,48,47,52,54,51,assets/players/nfl/x_nfli22500001.webp
Darius Barrios,fict,-1,OL,54,60,22,Kaigam,188,0,30,43,44,59,46,48,39,46,45,38,49,45,45,42,38,42,38,40,42,59,59,64,45,40,41,48,47,44,44,44,38,43,assets/players/nfl/x_nfli22600001.webp
Marcus Bazán,fict,3,WR,61,61,26,Kaigam,181,0,73,66,74,48,50,53,49,53,43,46,46,47,48,50,50,69,67,61,53,47,53,45,49,51,46,52,52,47,43,49,47,47,assets/players/nfl/x_nfli22700001.webp
Trey Bermúdez,fict,-1,RB,66,66,30,Kaigam,173,0,72,81,75,65,56,52,51,48,58,51,51,50,69,76,74,55,57,51,58,57,57,58,47,48,52,58,47,58,56,53,54,50,assets/players/nfl/x_nfli22800001.webp
Isaiah Bikoro,fict,5,DL,76,80,27,Riada,193,0,57,65,56,85,61,56,63,58,62,65,57,58,57,58,58,55,55,65,65,58,64,62,88,76,62,65,66,66,56,58,60,56,assets/players/nfl/x_nfli22900001.webp
Brandon Godoy,fict,5,WR,64,68,23,Magayanes,190,0,74,68,66,55,54,53,56,49,53,48,49,52,56,46,46,77,73,64,62,50,52,55,56,51,49,46,51,53,52,54,55,53,assets/players/nfl/x_nfli23000001.webp
Jamal Bianchi,fict,4,OL,69,69,32,Kaigam,203,0,30,56,60,85,60,51,56,51,56,60,55,60,54,53,59,58,52,57,60,69,78,77,60,51,59,50,50,57,53,56,55,52,assets/players/nfl/x_nfli23100001.webp
Jamal Wold,fict,-1,WR,59,62,26,Overmark,190,0,68,66,65,51,43,44,44,50,52,52,44,50,42,44,52,63,65,64,59,50,46,50,46,46,51,51,48,46,46,43,48,46,assets/players/nfl/x_nfli23200001.webp
Cody Mvondo,fict,2,LB,80,84,24,Riada,186,0,80,65,59,82,83,63,69,58,68,62,67,66,69,70,67,60,68,66,67,60,62,60,72,91,89,63,59,62,59,64,68,69,assets/players/nfl/x_nfli23300001.webp
Kyle Brizuela,fict,-1,LB,66,66,30,Kaigam,189,0,69,53,58,65,66,56,48,52,52,47,52,48,55,51,56,47,50,51,57,50,58,48,63,73,78,57,58,57,56,54,56,51,assets/players/nfl/x_nfli23400001.webp
Kyle Myhre,fict,7,DL,70,73,26,Overmark,200,0,44,57,50,78,55,55,50,55,55,59,50,57,60,60,51,55,56,57,51,61,53,58,79,73,62,58,61,60,54,55,55,56,assets/players/nfl/x_nfli23500001.webp
Kyle Bravo,fict,-1,RB,66,66,31,Kaigam,172,0,69,71,79,60,47,56,55,49,52,50,49,53,74,78,72,47,64,49,48,55,57,58,52,48,56,56,50,50,50,57,56,47,assets/players/nfl/x_nfli23600001.webp
Brandon Mina,fict,5,LB,72,72,33,Sotoa,197,0,65,54,57,72,75,61,55,57,53,63,58,56,57,55,62,63,59,52,61,57,59,56,74,79,83,59,59,57,63,62,56,56,assets/players/nfl/x_nfli23700001.webp
Jamal Caballero,fict,-1,CB,55,55,32,Kaigam,184,0,66,44,68,46,48,46,42,48,45,42,47,44,44,47,43,47,47,48,48,49,39,39,48,42,42,57,51,59,56,43,43,47,assets/players/nfl/x_nfli23800001.webp
Darius Navarro,fict,-1,LB,57,57,30,Magayanes,184,0,51,49,47,61,61,43,42,42,42,43,51,48,41,42,44,45,48,49,40,51,39,47,53,69,64,41,42,49,44,47,48,51,assets/players/nfl/x_nfli23900001.webp
Cody Cáceres,fict,-1,RB,64,67,23,Kaigam,180,0,75,71,74,64,47,54,53,49,55,55,48,49,61,70,71,45,65,56,49,50,53,53,46,47,57,50,51,50,52,52,54,50,assets/players/nfl/x_nfli24000001.webp
Cody Bernardi,fict,-1,S,64,64,32,Melonia,189,0,76,51,53,52,68,54,55,49,51,49,51,50,55,47,53,53,53,53,52,51,48,53,55,63,52,53,69,74,47,76,51,53,assets/players/nfl/x_nfli24100001.webp
Devin Campana,fict,7,DL,74,74,32,Kaigam,187,0,54,57,59,86,58,55,57,59,61,59,54,63,59,64,55,61,58,62,58,54,64,58,79,80,63,56,57,55,54,63,63,65,assets/players/nfl/x_nfli24200001.webp
Tyler Guérin,fict,4,TE,55,55,30,Iberia,188,0,51,48,50,58,44,42,40,47,45,42,46,44,44,46,40,52,61,42,57,41,56,41,45,39,44,43,46,45,43,38,47,40,assets/players/nfl/x_nfli24300001.webp
Jalen Nkembe,fict,-1,QB,58,58,32,Riada,195,0,37,44,48,45,64,70,69,59,52,40,56,50,42,44,46,51,45,41,47,47,49,51,50,50,52,52,45,47,52,48,49,44,assets/players/nfl/x_nfli24400001.webp
Isaiah Cañete,fict,-1,RB,65,65,32,Kaigam,180,0,66,81,73,68,53,49,57,46,57,53,47,49,67,79,68,49,57,54,46,51,55,49,46,56,57,47,54,48,50,48,56,50,assets/players/nfl/x_nfli24500001.webp
Jalen Mballa,fict,4,WR,65,65,32,Riada,186,0,80,76,65,57,49,57,53,51,57,52,50,56,57,50,52,73,71,72,60,47,52,52,48,56,48,54,54,47,52,49,55,50,assets/players/nfl/x_nfli24600001.webp
Brandon Gómez,fict,-1,LB,62,62,30,Sotoa,184,0,61,47,44,65,62,55,46,44,54,49,54,44,44,50,55,45,46,52,53,55,53,53,54,75,71,46,49,53,49,48,45,46,assets/players/nfl/x_nfli24700001.webp
Darius Pedersen,fict,-1,S,65,70,23,Overmark,186,0,70,56,53,48,73,49,48,57,49,52,46,54,48,56,57,53,55,47,54,52,54,47,46,73,52,55,72,64,54,80,50,56,assets/players/nfl/x_nfli24800001.webp
Isaiah Carrizo,fict,6,WR,75,80,24,Skote,186,0,85,89,82,61,62,66,63,55,63,54,63,55,63,61,58,87,82,82,69,57,65,60,62,63,63,63,63,59,65,60,64,61,assets/players/nfl/x_nfli24900001.webp
Jalen Belkadi,fict,4,WR,69,69,28,Sahar,187,0,85,78,81,59,51,60,51,52,50,61,56,49,57,49,58,80,75,71,60,52,57,51,49,57,51,57,54,58,58,59,52,53,assets/players/nfl/x_nfli25000001.webp
Tua Casares,fict,4,RB,53,56,24,Kaigam,181,0,56,61,60,50,43,37,43,42,37,43,41,38,55,58,58,39,53,46,46,38,43,44,44,37,47,43,43,41,47,38,44,39,assets/players/nfl/x_nfli25100001.webp
Tua Castaño,fict,4,LB,74,78,25,Kaigam,190,0,69,60,56,80,79,62,62,64,56,62,64,55,61,61,53,62,64,63,61,55,55,60,68,79,89,53,62,58,57,55,59,55,assets/players/nfl/x_nfli25200001.webp
Kyle Cepeda,fict,-1,OL,62,64,27,Kaigam,201,0,33,44,50,68,44,54,46,50,49,51,50,47,47,47,45,45,51,55,44,72,66,68,51,44,53,53,49,46,44,51,45,47,assets/players/nfl/x_nfli25300001.webp
Jalen Cabral,fict,-1,OL,55,55,29,Magayanes,197,0,31,39,40,57,45,50,48,41,45,41,45,39,48,45,48,50,46,39,39,58,66,60,45,43,46,42,48,48,41,38,42,46,assets/players/nfl/x_nfli25400001.webp
Marcus Luna,fict,-1,TE,68,68,33,Peronia,196,0,60,59,53,70,57,54,55,50,54,49,50,53,59,52,58,73,72,49,78,60,62,57,49,53,55,54,59,54,58,58,57,59,assets/players/nfl/x_nfli25500001.webp
Brandon Saavedra,fict,-1,DL,60,60,30,Magayanes,196,0,46,45,44,73,44,43,45,53,53,44,43,53,52,51,43,50,43,44,51,52,49,45,59,64,53,52,50,48,49,46,50,53,assets/players/nfl/x_nfli25600001.webp
Trey Cerda,fict,4,WR,61,63,26,Skote,181,0,76,68,64,52,45,50,44,44,51,48,46,51,54,43,53,69,73,62,56,45,43,54,47,50,45,47,51,45,54,51,46,48,assets/players/nfl/x_nfli25700001.webp
Jamal Bolaños,fict,-1,CB,50,50,32,Magayanes,181,0,58,34,60,46,40,34,43,35,40,38,43,45,41,46,42,35,45,38,34,42,40,43,34,41,37,54,50,49,53,34,37,41,assets/players/nfl/x_nfli25800001.webp
Marcus Cisneros,fict,-1,S,63,63,29,Riada,189,0,67,44,45,51,73,49,45,47,50,49,49,54,52,49,51,56,59,55,51,48,53,52,47,67,46,53,64,66,55,78,49,48,assets/players/nfl/x_nfli25900001.webp
Brandon Levi,fict,4,CB,79,85,24,Netanya,182,0,93,63,85,61,65,67,62,63,66,57,65,67,61,66,63,66,64,68,68,64,62,57,61,62,59,85,83,88,78,62,59,68,assets/players/nfl/x_nfli26000001.webp
Jalen Fiore,fict,6,WR,61,61,29,Melonia,182,0,67,66,71,54,52,48,46,53,50,49,48,47,49,52,46,71,71,67,50,43,51,49,46,45,53,46,51,43,47,43,48,52,assets/players/nfl/x_nfli26100001.webp
Darius Daoudi,fict,-1,QB,75,75,33,Sahar,188,0,50,58,56,66,84,80,84,78,68,62,80,67,56,61,65,62,63,62,61,58,58,64,59,59,61,58,54,61,61,56,64,58,assets/players/nfl/x_nfli26200001.webp
Marcus Coria,fict,2,OL,69,69,32,Kaigam,190,0,34,56,49,78,57,61,55,53,60,51,50,58,50,60,51,49,56,58,50,71,75,83,52,52,54,54,60,53,56,56,59,59,assets/players/nfl/x_nfli26300001.webp
Tyrese Correa,fict,-1,CB,51,62,21,Skote,183,0,56,45,62,39,37,44,40,45,41,43,45,45,43,46,45,44,42,36,36,41,46,46,36,38,41,60,56,49,50,44,44,45,assets/players/nfl/x_nfli26400001.webp
Darius Herrera,fict,-1,TE,64,64,28,Magayanes,197,0,62,54,50,70,52,46,53,54,53,46,52,45,45,49,53,66,66,53,66,47,64,47,55,54,46,47,53,49,50,50,51,50,assets/players/nfl/x_nfli26500001.webp
Mason Olsen,fict,-1,S,65,65,32,Overmark,190,0,75,46,51,54,68,53,47,53,58,47,53,48,56,46,50,57,60,51,58,49,53,58,50,72,47,55,74,67,57,74,53,49,assets/players/nfl/x_nfli26600001.webp
Marcus Thorsen,fict,-1,S,65,65,30,Overmark,178,0,71,50,48,53,71,46,51,48,51,51,51,57,53,48,54,49,63,52,54,48,56,46,49,72,53,47,67,68,57,74,52,57,assets/players/nfl/x_nfli26700001.webp
Brandon Cuello,fict,-1,RB,61,61,29,Kaigam,177,0,65,75,67,58,49,49,45,43,47,47,54,49,66,72,63,52,59,47,53,53,44,51,51,52,48,47,48,49,48,53,47,50,assets/players/nfl/x_nfli26800001.webp
Jalen Strand,fict,-1,DL,67,67,32,Overmark,190,0,47,58,57,79,59,52,54,56,51,49,52,58,59,54,56,56,55,48,51,56,53,57,70,74,58,47,57,59,49,49,48,52,assets/players/nfl/x_nfli26900001.webp
Tua Sáenz,fict,2,QB,55,55,30,Costas Unidas,187,0,35,38,49,47,55,63,67,60,45,44,52,50,43,47,40,46,45,46,49,41,42,42,50,47,44,48,48,40,39,42,45,42,assets/players/nfl/x_nfli27000001.webp
Mason Cuevas,fict,-1,LB,63,63,27,Kaigam,194,0,67,49,56,63,64,53,51,56,45,54,44,48,56,48,50,56,46,54,46,47,45,49,63,64,74,48,45,50,45,53,45,47,assets/players/nfl/x_nfli27100001.webp
Brandon Mainero,fict,-1,LB,66,66,29,Magayanes,188,0,69,47,48,61,68,50,56,50,56,49,57,53,49,47,54,57,53,47,53,46,52,58,68,76,69,50,57,49,53,47,51,55,assets/players/nfl/x_nfli27200001.webp
Jamal Delgado,fict,-1,TE,66,66,30,Skote,191,0,55,48,47,67,56,58,56,52,58,57,50,56,58,54,57,69,70,51,76,49,64,53,47,49,54,53,54,58,52,50,49,47,assets/players/nfl/x_nfli27300001.webp
Trey Vaknin,fict,-1,DL,57,63,23,Netanya,193,0,48,43,50,59,42,47,50,46,49,48,50,47,42,49,47,49,40,44,47,51,42,45,64,58,51,51,47,40,44,49,40,44,assets/players/nfl/x_nfli27400001.webp
Kyle Díaz,fict,7,WR,62,73,21,Skote,186,0,79,69,64,56,48,45,53,46,51,51,43,45,47,50,45,72,70,64,52,45,48,54,46,50,54,49,55,54,49,49,50,50,assets/players/nfl/x_nfli27500001.webp
Jalen Enríquez,fict,-1,OL,58,58,31,Skote,195,0,30,45,46,68,43,50,48,47,45,48,40,42,41,44,43,46,49,51,44,68,61,60,43,44,43,46,45,44,50,45,42,42,assets/players/nfl/x_nfli27600001.webp
Malik Seidel,fict,-1,OL,61,68,24,Margin,202,0,30,54,50,66,50,54,51,54,51,44,43,50,53,48,54,48,50,43,51,70,70,62,45,54,50,45,48,52,45,47,46,47,assets/players/nfl/x_nfli27700001.webp
Kyle Moreau,fict,1,S,82,82,26,Iberia,187,0,91,64,71,62,89,63,60,62,59,64,68,64,66,63,67,68,69,69,61,61,68,61,67,86,67,66,86,94,71,97,64,60,assets/players/nfl/x_nfli27800001.webp
Cody Zanotti,fict,-1,DL,55,69,22,Costas Unidas,191,0,44,38,38,64,40,46,44,46,45,41,41,44,41,43,45,44,45,43,39,44,49,46,56,56,54,45,48,42,45,43,47,50,assets/players/nfl/x_nfli27900001.webp
Trey Guedes,fict,-1,LB,60,60,31,Tamago,184,0,52,53,53,61,66,50,50,46,45,48,49,49,46,44,49,46,47,48,48,46,42,48,61,63,71,46,50,43,54,50,51,47,assets/players/nfl/x_nfli28000001.webp
Brandon Escalante,fict,2,TE,59,59,31,Skote,196,0,58,49,52,53,51,42,47,47,43,45,45,52,44,50,50,58,69,42,62,44,58,47,49,42,51,51,48,48,41,47,43,45,assets/players/nfl/x_nfli28100001.webp
Jamal Espeche,fict,7,DL,78,78,29,Skote,190,0,53,63,63,86,66,57,61,67,59,57,64,65,62,61,61,58,67,64,64,57,63,61,87,79,75,58,66,58,63,59,59,63,assets/players/nfl/x_nfli28200001.webp
Devin Vik,fict,0,RB,52,52,32,Overmark,180,0,54,59,56,57,46,46,42,45,38,45,38,44,58,65,55,42,45,42,47,41,46,36,40,39,41,40,40,38,42,47,39,47,assets/players/nfl/x_nfli28300001.webp
Tyrese Ødegård,fict,-1,DL,57,65,24,Overmark,195,0,42,46,48,64,51,44,40,45,42,44,45,47,42,47,50,47,41,44,40,43,51,43,61,63,50,40,44,47,40,43,44,43,assets/players/nfl/x_nfli28400001.webp
Isaiah Van der Berg,fict,4,QB,55,55,31,Margin,195,0,42,38,40,48,57,63,62,55,56,40,57,49,40,39,46,47,41,47,42,48,43,49,45,49,48,38,42,46,48,50,44,50,assets/players/nfl/x_nfli28500001.webp
Cody Zárate,fict,1,LB,73,73,28,Sotoa,188,0,75,53,61,73,75,53,56,58,62,58,55,53,59,58,64,59,62,56,55,57,63,56,69,84,78,58,54,55,56,64,54,61,assets/players/nfl/x_nfli28600001.webp
Brandon Falcón,fict,5,TE,53,53,30,Kaigam,194,0,53,42,45,51,43,45,38,46,40,47,45,48,44,40,47,53,56,39,60,44,54,44,43,41,36,40,37,36,40,43,40,39,assets/players/nfl/x_nfli28700001.webp
Tua Fariña,fict,3,OL,66,66,30,Skote,200,0,32,51,52,73,47,57,49,56,56,50,48,53,48,49,49,52,47,48,51,73,76,72,47,58,58,48,56,57,56,56,47,54,assets/players/nfl/x_nfli28800001.webp
Isaiah Dahl,fict,-1,DL,65,69,25,Overmark,189,0,54,50,57,76,57,50,57,53,50,51,55,55,54,46,48,48,47,57,47,50,51,50,67,72,54,47,51,46,53,51,51,46,assets/players/nfl/x_nfli28900001.webp
Jalen Figueroa,fict,-1,DL,63,77,22,Riada,193,0,51,49,45,74,45,55,48,53,52,51,51,50,50,51,54,50,51,52,52,45,51,46,68,69,51,56,50,50,45,54,45,52,assets/players/nfl/x_nfli29000001.webp
Brandon Gaitán,fict,-1,DL,56,56,33,Skote,198,0,41,39,42,64,41,39,39,39,45,44,40,41,47,42,49,41,46,49,46,44,49,41,61,56,53,47,48,46,50,42,49,43,assets/players/nfl/x_nfli29100001.webp
Devin Gallo,fict,-1,OL,58,58,31,Skote,192,0,30,46,48,70,46,42,43,47,41,44,50,50,48,47,41,44,43,46,47,65,63,61,46,42,49,44,42,43,46,48,42,40,assets/players/nfl/x_nfli29200001.webp
Marcus Garay,fict,-1,TE,69,70,27,Riada,196,0,69,56,60,71,52,55,55,59,58,50,58,50,58,56,60,67,74,52,75,55,65,59,54,60,51,50,58,57,61,60,49,60,assets/players/nfl/x_nfli29300001.webp
Isaiah Giménez,fict,7,WR,65,68,27,Skote,190,0,82,68,69,52,56,51,55,53,46,52,48,47,46,55,57,77,71,65,65,52,56,50,55,57,47,52,47,57,52,48,51,52,assets/players/nfl/x_nfli29400001.webp
Malik Gorosito,fict,-1,LB,63,63,32,Skote,186,0,62,45,51,66,70,48,50,49,56,52,53,54,49,54,49,47,51,51,46,56,47,48,54,69,75,47,55,46,50,56,52,45,assets/players/nfl/x_nfli29500001.webp
Cody Guerra,fict,-1,DL,64,64,33,Kaigam,192,0,45,54,45,74,52,57,47,50,53,48,45,47,46,46,47,50,55,56,50,50,54,51,71,65,57,49,52,49,51,49,55,50,assets/players/nfl/x_nfli29600001.webp
Tyler Gutiérrez,fict,-1,DL,63,63,29,Kaigam,187,0,44,54,47,77,49,47,46,50,47,47,49,48,54,46,52,55,56,52,45,51,45,50,68,63,53,53,48,50,52,52,52,56,assets/players/nfl/x_nfli29700001.webp
Marcus Heredia,fict,-1,OL,50,61,21,Kaigam,194,0,30,38,43,54,38,36,41,38,34,36,43,36,40,43,35,42,42,44,34,58,56,54,41,34,42,34,35,36,34,43,36,42,assets/players/nfl/x_nfli29800001.webp
Marcus Hidalgo,fict,-1,QB,63,63,31,Riada,192,0,44,52,48,49,65,64,74,68,57,51,66,60,47,53,53,51,49,49,50,51,45,51,44,51,45,55,50,45,49,55,54,47,assets/players/nfl/x_nfli29900001.webp
Cody Ibáñez,fict,-1,OL,59,61,27,Kaigam,198,0,30,51,44,71,51,41,50,42,42,50,50,42,42,44,44,45,42,46,48,62,67,61,48,52,43,52,48,43,52,46,52,51,assets/players/nfl/x_nfli30000001.webp
Cody Orlando,fict,6,QB,44,44,30,Melonia,191,0,32,33,30,41,47,49,52,49,33,30,45,41,32,38,37,30,34,40,34,30,37,30,35,36,36,34,40,40,30,32,38,37,assets/players/nfl/x_nfli30100001.webp
Tyrese Taborda,fict,7,TE,76,76,30,Morvicia,200,0,69,55,61,80,61,59,57,58,58,60,59,64,60,59,61,79,85,61,80,65,73,61,57,65,64,66,60,61,61,60,63,57,assets/players/nfl/x_nfli30200001.webp
Mason Insúa,fict,-1,QB,63,63,32,Riada,194,0,42,50,55,54,66,76,67,64,60,52,64,58,49,50,54,55,48,49,50,49,48,52,56,56,49,52,52,47,55,47,49,50,assets/players/nfl/x_nfli30300001.webp
Tua Jara,fict,-1,LB,64,64,25,Riada,188,0,68,48,55,68,60,47,48,45,54,49,56,49,45,51,50,45,56,54,49,55,56,55,62,67,74,53,47,45,48,46,53,45,assets/players/nfl/x_nflt100000001.webp
Jamal Zniber,fict,-1,QB,68,68,32,Sahar,191,0,48,58,50,57,67,77,80,69,64,45,75,61,56,50,52,52,56,54,59,59,60,56,57,58,52,49,53,54,56,52,51,55,assets/players/nfl/x_nflt100100001.webp
Jalen Dinas,fict,1,WR,54,59,23,Magayanes,179,0,72,64,61,43,37,41,37,48,45,39,40,44,45,48,39,56,56,56,51,41,37,46,44,48,37,43,37,48,46,48,48,41,assets/players/nfl/x_nflt100200001.webp
Marcus Portocarrero,fict,-1,QB,74,81,24,Magayanes,200,0,52,63,64,55,79,84,80,74,69,58,83,66,56,55,62,64,53,57,61,57,62,60,56,58,54,58,58,61,60,58,54,56,assets/players/nfl/x_nflt100300001.webp
Tyler Juárez,fict,-1,S,62,62,33,Kaigam,188,0,73,50,48,46,64,49,53,44,54,55,47,52,53,54,48,44,60,55,53,49,46,51,50,64,47,53,69,63,45,72,50,48,assets/players/nfl/x_nflt300000001.webp
Jamal Smit,fict,-1,DL,58,58,29,Margin,191,0,52,47,41,68,46,41,49,48,51,50,42,41,49,40,50,46,47,48,43,46,48,49,63,60,47,41,44,52,46,44,49,52,assets/players/nfl/x_nflt300100001.webp
Jamal Lagos,fict,-1,RB,66,67,26,Kaigam,183,0,76,76,72,66,47,56,55,49,57,49,50,54,68,75,68,57,63,51,58,52,57,53,52,50,57,48,51,50,50,48,54,54,assets/players/nfl/x_nflt300200001.webp
Devin Astudillo,fict,-1,CB,52,52,28,Magayanes,189,0,63,40,56,44,42,44,47,43,40,44,45,40,47,39,45,46,43,45,38,46,39,40,42,36,43,51,58,52,58,47,41,38,assets/players/nfl/x_nflt300300001.webp
Jalen Leiva,fict,-1,CB,52,55,26,Skote,188,0,62,41,60,45,40,40,38,40,43,45,37,46,44,37,43,36,45,43,39,38,36,39,44,38,44,54,53,50,59,46,41,42,assets/players/nfl/x_nflt300400001.webp
Cody Ilan,fict,-1,QB,56,59,23,Netanya,188,0,46,49,41,41,61,62,58,58,49,42,62,57,46,47,50,40,45,40,43,50,47,39,40,44,48,41,39,49,39,39,44,41,assets/players/nfl/x_nflt300500001.webp
Kyle Viera,fict,3,TE,48,51,24,Magayanes,198,0,45,36,36,47,32,33,43,42,43,36,35,38,36,34,44,49,52,39,51,33,49,42,35,33,42,41,34,36,41,33,35,32,assets/players/nfl/x_nflt300600001.webp
Trey Lucero,fict,4,DL,50,50,32,Riada,194,0,32,46,42,50,39,45,38,43,35,35,41,44,42,37,45,39,41,35,38,45,45,39,56,56,48,42,42,34,43,41,35,45,assets/players/nfl/x_nflt300700001.webp